File,aid,Date,2,14,48,49,85,96,97,112,113,144,145,160,161,164,165,176,177,224,225,240,244
QC_Night_2004361_aid0001,aid0001,2004-12-26,33274.0,,,,,,,,,,,,,,,79.0,1849.0,,,3444.0,
QC_Night_2005001_aid0001,aid0001,2005-01-01,21289.0,,,,,,,,,,,,,,,,14.0,,,17343.0,
QC_Night_2005009_aid0001,aid0001,2005-01-09,12969.0,,,,,,,,,,,,,,,1519.0,4713.0,,,19445.0,
QC_Night_2005017_aid0001,aid0001,2005-01-17,2452.0,,,,,,,,,,,,,,,4481.0,10681.0,,,21032.0,
QC_Night_2005025_aid0001,aid0001,2005-01-25,11510.0,,,,,,,,,,,,,,,,25.0,,,27111.0,
QC_Night_2005033_aid0001,aid0001,2005-02-02,6540.0,,,,,,,,,,,,,,,,11.0,,,32095.0,
QC_Night_2005041_aid0001,aid0001,2005-02-10,16207.0,,,,,,,,,,,,,,,9.0,,,,22430.0,
QC_Night_2005049_aid0001,aid0001,2005-02-18,4836.0,,,,,,,,,,,,,,,1044.0,1992.0,,,30774.0,
QC_Night_2005057_aid0001,aid0001,2005-02-26,3744.0,,,,,,,,,,,,,,,1386.0,7279.0,,,26237.0,
QC_Night_2005065_aid0001,aid0001,2005-03-06,1221.0,,,,,,,,,,,,,,,667.0,517.0,,,36241.0,
QC_Night_2005073_aid0001,aid0001,2005-03-14,5241.0,,,,,,,,,,,,,,,615.0,1296.0,,,31494.0,
QC_Night_2005081_aid0001,aid0001,2005-03-22,19624.0,,,,,,,,,,,,,,,1129.0,2566.0,,,15327.0,
QC_Night_2005089_aid0001,aid0001,2005-03-30,8950.0,,,,,,,,,,,,,,,198.0,171.0,,,29327.0,
QC_Night_2005097_aid0001,aid0001,2005-04-07,1861.0,,,,,,,,,,,,,,,7237.0,5736.0,,,23812.0,
QC_Night_2005105_aid0001,aid0001,2005-04-15,460.0,,,,,,,,,,,,,,,3154.0,1074.0,,,33958.0,
QC_Night_2005113_aid0001,aid0001,2005-04-23,2674.0,,,,,,,,,,,,,,,10642.0,5525.0,,,19805.0,
QC_Night_2005121_aid0001,aid0001,2005-05-01,10225.0,,,,,,,,,,,,,,,499.0,3044.0,,,24878.0,
QC_Night_2005129_aid0001,aid0001,2005-05-09,5925.0,,,,,,,,,,,,,,,992.0,1862.0,,,29867.0,
QC_Night_2005137_aid0001,aid0001,2005-05-17,446.0,,,,,,,40.0,123.0,,,4.0,4.0,,,22972.0,9823.0,,,5234.0,
QC_Night_2005145_aid0001,aid0001,2005-05-25,709.0,,,,,,,,242.0,,,1.0,,,,636.0,955.0,,,36103.0,
QC_Night_2005153_aid0001,aid0001,2005-06-02,4792.0,,,,,,,29.0,444.0,,,,,,,10136.0,11353.0,,,11892.0,
QC_Night_2005161_aid0001,aid0001,2005-06-10,1180.0,,,,,,,23.0,2.0,,,,,,,13187.0,4971.0,,,19283.0,
QC_Night_2005169_aid0001,aid0001,2005-06-18,84.0,,,,,,,,,,,1.0,2.0,,,13397.0,1801.0,,2.0,23359.0,
QC_Night_2005177_aid0001,aid0001,2005-06-26,9.0,,,,,,,9.0,16.0,,,,,,,29405.0,4851.0,,,4356.0,
QC_Night_2005185_aid0001,aid0001,2005-07-04,,,,,,,,7.0,4.0,,,,,,,37053.0,758.0,,,824.0,
QC_Night_2005193_aid0001,aid0001,2005-07-12,,,,,,,,,,,,,,,,38389.0,131.0,,,126.0,
QC_Night_2005201_aid0001,aid0001,2005-07-20,,,,,,,,8.0,,,,,,,,35334.0,743.0,,,2561.0,
QC_Night_2005209_aid0001,aid0001,2005-07-28,,,,,,,,4418.0,6.0,,,23.0,,,,32362.0,1550.0,,,287.0,
QC_Night_2005217_aid0001,aid0001,2005-08-05,,,,,,,,1758.0,202.0,,,,,,,32585.0,3299.0,,,802.0,
QC_Night_2005225_aid0001,aid0001,2005-08-13,7.0,,,,,,,9.0,,,,899.0,6.0,,,20080.0,1781.0,,2.0,15862.0,
QC_Night_2005233_aid0001,aid0001,2005-08-21,,,,,,,,15.0,15.0,,,6.0,5.0,,,30992.0,6431.0,,,1182.0,
QC_Night_2005241_aid0001,aid0001,2005-08-29,,,,,,,,,,,,,,,,13576.0,604.0,,,24466.0,
QC_Night_2005249_aid0001,aid0001,2005-09-06,7.0,,,,,,,4.0,5.0,,,,,,,16657.0,8263.0,,,13710.0,
QC_Night_2005257_aid0001,aid0001,2005-09-14,4.0,,,,,,,107.0,,,,,,,,18930.0,2899.0,,,16706.0,
QC_Night_2005265_aid0001,aid0001,2005-09-22,4.0,,,,,,,,,,,,,,,15023.0,1392.0,,,22227.0,
QC_Night_2005273_aid0001,aid0001,2005-09-30,26.0,,,,,,,1.0,41.0,,,,,,,3577.0,2343.0,,,32658.0,
QC_Night_2005281_aid0001,aid0001,2005-10-08,33.0,,,,,,,,,,,,,,,730.0,212.0,,,37671.0,
QC_Night_2005289_aid0001,aid0001,2005-10-16,69.0,,,,,,,,,,,,,,,26233.0,4767.0,,,7577.0,
QC_Night_2005297_aid0001,aid0001,2005-10-24,87.0,,,,,,,,,,,,,,,10854.0,587.0,,,27118.0,
QC_Night_2005305_aid0001,aid0001,2005-11-01,5379.0,,,,,,,,,,,,,,,3774.0,1737.0,,,27756.0,
QC_Night_2005313_aid0001,aid0001,2005-11-09,14413.0,,,,,,,,,,,,,,,584.0,5171.0,,,18478.0,
QC_Night_2005321_aid0001,aid0001,2005-11-17,3165.0,,,,,,,,,,,,,,,917.0,3725.0,,,30839.0,
QC_Night_2005329_aid0001,aid0001,2005-11-25,21515.0,,,,,,,,,,,,,,,,281.0,,,16850.0,
QC_Night_2005337_aid0001,aid0001,2005-12-03,18931.0,,,,,,,,,,,,,,,858.0,468.0,,,18389.0,
QC_Night_2005345_aid0001,aid0001,2005-12-11,11642.0,,,,,,,,,,,,,,,549.0,3031.0,,,23424.0,
QC_Night_2005353_aid0001,aid0001,2005-12-19,22613.0,,,,,,,,,,,,,,,1132.0,3656.0,,,11245.0,
QC_Night_2005361_aid0001,aid0001,2005-12-27,22295.0,,,,,,,,,,,,,,,13.0,2233.0,,,14105.0,
QC_Night_2006001_aid0001,aid0001,2006-01-01,15369.0,,,,,,,,,,,,,,,44.0,942.0,,,22291.0,
QC_Night_2006009_aid0001,aid0001,2006-01-09,8765.0,,,,,,,,,,,,,,,865.0,5032.0,,,23984.0,
QC_Night_2006017_aid0001,aid0001,2006-01-17,10451.0,,,,,,,,,,,,,,,7612.0,1898.0,,,18685.0,
QC_Night_2006025_aid0001,aid0001,2006-01-25,13244.0,,,,,,,,,,,,,,,4880.0,7957.0,,,12565.0,
QC_Night_2006033_aid0001,aid0001,2006-02-02,8432.0,,,,,,,,,,,,,,,241.0,1156.0,,,28817.0,
QC_Night_2006041_aid0001,aid0001,2006-02-10,7862.0,,,,,,,,,,,,,,,23.0,485.0,,,30276.0,
QC_Night_2006049_aid0001,aid0001,2006-02-18,8918.0,,,,,,,,,,,,,,,113.0,2130.0,,,27485.0,
QC_Night_2006057_aid0001,aid0001,2006-02-26,2445.0,,,,,,,,,,,,,,,9011.0,6350.0,,,20840.0,
QC_Night_2006065_aid0001,aid0001,2006-03-06,15032.0,,,,,,,,,,,,,,,24.0,39.0,,,23551.0,
QC_Night_2006073_aid0001,aid0001,2006-03-14,16396.0,,,,,,,,,,,,,,,1415.0,2631.0,,,18204.0,
QC_Night_2006081_aid0001,aid0001,2006-03-22,10870.0,,,,,,,,,,,,,,,239.0,21.0,,,27516.0,
QC_Night_2006089_aid0001,aid0001,2006-03-30,9374.0,,,,,,,,,,,,,,,2639.0,4913.0,,,21720.0,
QC_Night_2006097_aid0001,aid0001,2006-04-07,829.0,,,,,,,,,,,,,,,979.0,1748.0,,,35090.0,
QC_Night_2006105_aid0001,aid0001,2006-04-15,783.0,,,,,,,,,,,,,,,1175.0,3181.0,,,33507.0,
QC_Night_2006113_aid0001,aid0001,2006-04-23,761.0,,,,,,,,,,,,,,,3053.0,3095.0,,,31737.0,
QC_Night_2006121_aid0001,aid0001,2006-05-01,943.0,,,,,,,,,,,,,,,9702.0,11224.0,,,16777.0,
QC_Night_2006129_aid0001,aid0001,2006-05-09,403.0,,,,,,,,,,,,,,,5105.0,3743.0,,,29395.0,
QC_Night_2006137_aid0001,aid0001,2006-05-17,164.0,,,,,,,66.0,55.0,,,,,,,20642.0,7927.0,,,9792.0,
QC_Night_2006145_aid0001,aid0001,2006-05-25,119.0,,,,,,,,,,,,,,,15907.0,6669.0,,,15951.0,
QC_Night_2006153_aid0001,aid0001,2006-06-02,11.0,,,,,,,29.0,28.0,,,241.0,65.0,,,29419.0,6860.0,,1.0,1992.0,
QC_Night_2006161_aid0001,aid0001,2006-06-10,20.0,,,,,,,,3.0,,,,,,,19140.0,2757.0,,,16726.0,
QC_Night_2006169_aid0001,aid0001,2006-06-18,,,,,,,,,,,,,,,,36606.0,1581.0,,,459.0,
QC_Night_2006177_aid0001,aid0001,2006-06-26,,,,,,2.0,,12.0,,,,301.0,69.0,,,36060.0,1848.0,,,354.0,
QC_Night_2006185_aid0001,aid0001,2006-07-04,1204.0,,10.0,4.0,,341.0,537.0,3087.0,2428.0,,,1035.0,409.0,,,14845.0,9975.0,,,4771.0,
QC_Night_2006193_aid0001,aid0001,2006-07-12,,,,,,,,,,,,,,,,33031.0,107.0,,,5508.0,
QC_Night_2006201_aid0001,aid0001,2006-07-20,,,1237.0,136.0,,17.0,,15067.0,1007.0,,,,,,,20943.0,239.0,,,,
QC_Night_2006209_aid0001,aid0001,2006-07-28,,,,,,,,,,,,,,,,22557.0,1484.0,,,14605.0,
QC_Night_2006217_aid0001,aid0001,2006-08-05,,,,,,,,9.0,1.0,,,1168.0,,,,32564.0,476.0,,,4428.0,
QC_Night_2006225_aid0001,aid0001,2006-08-13,,,,,,,,,,,,,,,,29820.0,3296.0,,,5530.0,
QC_Night_2006233_aid0001,aid0001,2006-08-21,,,,,,,,122.0,61.0,,,,,,,33399.0,5056.0,,,8.0,
QC_Night_2006241_aid0001,aid0001,2006-08-29,7.0,,,,,,,,,,,,,,,5141.0,654.0,,,32844.0,
QC_Night_2006249_aid0001,aid0001,2006-09-06,48.0,,,,,,2.0,174.0,297.0,,,,3.0,,,34746.0,3338.0,,,38.0,
QC_Night_2006257_aid0001,aid0001,2006-09-14,149.0,,,,,,,,,,,,,,,,1.0,,,38496.0,
QC_Night_2006265_aid0001,aid0001,2006-09-22,1.0,,,,,,,10.0,4.0,,,,,,,5719.0,633.0,,,32279.0,
QC_Night_2006273_aid0001,aid0001,2006-09-30,442.0,,,,,,,,,,,1.0,,,,14963.0,1585.0,,,21655.0,
QC_Night_2006281_aid0001,aid0001,2006-10-08,183.0,,,,,,,31.0,53.0,,,,,,,28656.0,7336.0,,,2387.0,
QC_Night_2006289_aid0001,aid0001,2006-10-16,6760.0,,,,,,,,,,,,,,,2826.0,4251.0,,,24809.0,
QC_Night_2006297_aid0001,aid0001,2006-10-24,952.0,,,,,,,,,,,,,,,13361.0,15484.0,,,8849.0,
QC_Night_2006305_aid0001,aid0001,2006-11-01,2093.0,,,,,,,,,,,,,,,90.0,31.0,,,36432.0,
QC_Night_2006313_aid0001,aid0001,2006-11-09,11828.0,,,,,,,,,,,,,,,8715.0,8714.0,,,9389.0,
QC_Night_2006321_aid0001,aid0001,2006-11-17,4157.0,,,,,,,,,,,,,,,336.0,1045.0,,,33108.0,
QC_Night_2006329_aid0001,aid0001,2006-11-25,13363.0,,,,,,,,,,,,,,,651.0,4699.0,,,19933.0,
QC_Night_2006337_aid0001,aid0001,2006-12-03,8580.0,,,,,,,,,,,,,,,22.0,843.0,,,29201.0,
QC_Night_2006345_aid0001,aid0001,2006-12-11,25852.0,,,,,,,,,,,,,,,804.0,3744.0,,,8246.0,
QC_Night_2006353_aid0001,aid0001,2006-12-19,12562.0,,,,,,,,,,,,,,,1059.0,1505.0,,,23520.0,
QC_Night_2006361_aid0001,aid0001,2006-12-27,8269.0,,,,,,,,,,,,,,,,,,,30377.0,
QC_Night_2007001_aid0001,aid0001,2007-01-01,9391.0,,,,,,,,,,,,,,,3.0,138.0,,,29114.0,
QC_Night_2007009_aid0001,aid0001,2007-01-09,8619.0,,,,,,,,,,,,,,,13.0,1343.0,,,28671.0,
QC_Night_2007017_aid0001,aid0001,2007-01-17,8212.0,,,,,,,,,,,,,,,,774.0,,,29660.0,
QC_Night_2007025_aid0001,aid0001,2007-01-25,4170.0,,,,,,,,,,,,,,,10970.0,4298.0,,,19208.0,
QC_Night_2007033_aid0001,aid0001,2007-02-02,6400.0,,,,,,,,,,,,,,,3667.0,1206.0,,,27373.0,
QC_Night_2007041_aid0001,aid0001,2007-02-10,16158.0,,,,,,,,,,,,,,,,12.0,,,22476.0,
QC_Night_2007049_aid0001,aid0001,2007-02-18,5757.0,,,,,,,,,,,,,,,674.0,2636.0,,,29579.0,
QC_Night_2007057_aid0001,aid0001,2007-02-26,10799.0,,,,,,,,,,,,,,,65.0,357.0,,,27425.0,
QC_Night_2007065_aid0001,aid0001,2007-03-06,4886.0,,,,,,,,,,,,,,,473.0,1629.0,,,31658.0,
QC_Night_2007073_aid0001,aid0001,2007-03-14,105.0,,,,,,,,,,,,,,,4662.0,2809.0,,,31070.0,
QC_Night_2007081_aid0001,aid0001,2007-03-22,823.0,,,,,,,,,,,,,,,5496.0,5311.0,,,27016.0,
QC_Night_2007089_aid0001,aid0001,2007-03-30,3681.0,,,,,,,,,,,,,,,3185.0,3660.0,,,28120.0,
QC_Night_2007097_aid0001,aid0001,2007-04-07,969.0,,,,,,,,,,,,,,,10620.0,13324.0,,,13733.0,
QC_Night_2007105_aid0001,aid0001,2007-04-15,4474.0,,,,,,,,,,,,,,,10029.0,5755.0,,,18388.0,
QC_Night_2007113_aid0001,aid0001,2007-04-23,370.0,,,,,,,,,,,,,,,22629.0,9663.0,,,5984.0,
QC_Night_2007121_aid0001,aid0001,2007-05-01,1476.0,,,,,,,,,,,,,,,324.0,166.0,,,36680.0,
QC_Night_2007129_aid0001,aid0001,2007-05-09,56.0,,,,,,,,,,,,,,,2154.0,967.0,,,35469.0,
QC_Night_2007137_aid0001,aid0001,2007-05-17,378.0,,,,,,,61.0,369.0,,,,,,,10607.0,9954.0,,,17277.0,
QC_Night_2007145_aid0001,aid0001,2007-05-25,123.0,,,,,,,,,,,,,,,8108.0,968.0,,,29447.0,
QC_Night_2007153_aid0001,aid0001,2007-06-02,181.0,,,,,,,,11.0,,,,,,,1858.0,1494.0,,,35102.0,
QC_Night_2007161_aid0001,aid0001,2007-06-10,,,,,,,,,,,,,,,,22680.0,2283.0,,,13683.0,
QC_Night_2007169_aid0001,aid0001,2007-06-18,,,,,,,,,,,,,,,,4982.0,160.0,,,33504.0,
QC_Night_2007177_aid0001,aid0001,2007-06-26,,,,,,,,,,,,,,,,20530.0,391.0,,,17725.0,
QC_Night_2007185_aid0001,aid0001,2007-07-04,,,,,,,,1.0,,,,,,,,38533.0,112.0,,,,
QC_Night_2007193_aid0001,aid0001,2007-07-12,,,,,,,,3999.0,52.0,,,,,,,33503.0,1092.0,,,,
QC_Night_2007201_aid0001,aid0001,2007-07-20,493.0,,9.0,22.0,,660.0,48.0,2269.0,900.0,,,1978.0,526.0,,,16081.0,9474.0,,,6186.0,
QC_Night_2007209_aid0001,aid0001,2007-07-28,,,,,,,,13594.0,97.0,,,,2.0,,,24642.0,311.0,,,,
QC_Night_2007217_aid0001,aid0001,2007-08-05,,,,,,,,,,,,,,,,37645.0,544.0,,,457.0,
QC_Night_2007225_aid0001,aid0001,2007-08-13,25.0,,,,,,,7843.0,717.0,,,55.0,26.0,,,27979.0,1870.0,10.0,,121.0,
QC_Night_2007233_aid0001,aid0001,2007-08-21,,,,,,1.0,,32.0,21.0,,,2.0,,,,35926.0,2649.0,,,15.0,
QC_Night_2007241_aid0001,aid0001,2007-08-29,6.0,,5.0,1.0,,,,709.0,315.0,,,,,,,30661.0,4730.0,,,2219.0,
QC_Night_2007249_aid0001,aid0001,2007-09-06,,,,,,,,4.0,15.0,,,,,,,7768.0,943.0,,,29916.0,
QC_Night_2007257_aid0001,aid0001,2007-09-14,9.0,,,,,,,17.0,44.0,,,,,,,22996.0,3763.0,,,11817.0,
QC_Night_2007265_aid0001,aid0001,2007-09-22,1.0,,,,,,,25.0,43.0,,,,,,,11527.0,3290.0,,,23760.0,
QC_Night_2007273_aid0001,aid0001,2007-09-30,77.0,,,,,,,41.0,57.0,,,,,,,16720.0,7572.0,,,14179.0,
QC_Night_2007281_aid0001,aid0001,2007-10-08,121.0,,,,,,,61.0,67.0,,,,,,,21861.0,4685.0,,,11851.0,
QC_Night_2007289_aid0001,aid0001,2007-10-16,15125.0,,,,,,,,,,,,,,,1607.0,5452.0,,,16462.0,
QC_Night_2007297_aid0001,aid0001,2007-10-24,103.0,,,,,,,,,,,,,,,15144.0,3745.0,,,19654.0,
QC_Night_2007305_aid0001,aid0001,2007-11-01,277.0,,,,,,,,,,,,,,,26.0,17.0,,,38326.0,
QC_Night_2007313_aid0001,aid0001,2007-11-09,1835.0,,,,,,,,,,,,,,,432.0,263.0,,,36116.0,
QC_Night_2007321_aid0001,aid0001,2007-11-17,616.0,,,,,,,,,,,,,,,7695.0,2374.0,,,27961.0,
QC_Night_2007329_aid0001,aid0001,2007-11-25,13918.0,,,,,,,,,,,,,,,710.0,5461.0,,,18557.0,
QC_Night_2007337_aid0001,aid0001,2007-12-03,19584.0,,,,,,,,,,,,,,,3877.0,12104.0,,,3081.0,
QC_Night_2007345_aid0001,aid0001,2007-12-11,12814.0,,,,,,,,,,,,,,,,130.0,,,25702.0,
QC_Night_2007353_aid0001,aid0001,2007-12-19,19729.0,,,,,,,,,,,,,,,262.0,638.0,,,18017.0,
QC_Night_2007361_aid0001,aid0001,2007-12-27,13267.0,,,,,,,,,,,,,,,463.0,598.0,,,24318.0,
QC_Night_2008001_aid0001,aid0001,2008-01-01,10455.0,,,,,,,,,,,,,,,45.0,82.0,,,28064.0,
QC_Night_2008009_aid0001,aid0001,2008-01-09,11651.0,,,,,,,,,,,,,,,,5.0,,,26990.0,
QC_Night_2008017_aid0001,aid0001,2008-01-17,9521.0,,,,,,,,,,,,,,,153.0,871.0,,,28101.0,
QC_Night_2008025_aid0001,aid0001,2008-01-25,12029.0,,,,,,,,,,,,,,,,,,,26617.0,
QC_Night_2008033_aid0001,aid0001,2008-02-02,10801.0,,,,,,,,,,,,,,,4458.0,3161.0,,,20226.0,
QC_Night_2008041_aid0001,aid0001,2008-02-10,8889.0,,,,,,,,,,,,,,,655.0,667.0,,,28435.0,
QC_Night_2008049_aid0001,aid0001,2008-02-18,8851.0,,,,,,,,,,,,,,,67.0,472.0,,,29256.0,
QC_Night_2008057_aid0001,aid0001,2008-02-26,2977.0,,,,,,,,,,,,,,,7971.0,5944.0,,,21754.0,
QC_Night_2008065_aid0001,aid0001,2008-03-05,6579.0,,,,,,,,,,,,,,,71.0,564.0,,,31432.0,
QC_Night_2008073_aid0001,aid0001,2008-03-13,4076.0,,,,,,,,,,,,,,,2265.0,6925.0,,,25377.0,3.0
QC_Night_2008081_aid0001,aid0001,2008-03-21,3889.0,,,,,,,,,,,,,,,18.0,162.0,,,34577.0,
QC_Night_2008089_aid0001,aid0001,2008-03-29,3349.0,,,,,,,,,,,,,,,5060.0,3276.0,,,26961.0,
QC_Night_2008097_aid0001,aid0001,2008-04-06,2208.0,,,,,,,,,,,,,,,6047.0,6327.0,,,24064.0,
QC_Night_2008105_aid0001,aid0001,2008-04-14,578.0,,,,,,,,,,,,,,,2057.0,1734.0,,,34277.0,
QC_Night_2008113_aid0001,aid0001,2008-04-22,1405.0,,,,,,,,,,,,,,,3507.0,2884.0,,,30850.0,
QC_Night_2008121_aid0001,aid0001,2008-04-30,219.0,,,,,,,737.0,1541.0,,,,,,,11770.0,15381.0,,,8998.0,
QC_Night_2008129_aid0001,aid0001,2008-05-08,2520.0,,,,,,,,,,,,,,,5740.0,4340.0,,,26046.0,
QC_Night_2008137_aid0001,aid0001,2008-05-16,488.0,,,,,,,,,,,,,,,4389.0,1882.0,,,31887.0,
QC_Night_2008145_aid0001,aid0001,2008-05-24,3863.0,,,,,,,432.0,972.0,,,,,,,6596.0,10193.0,,,16590.0,
QC_Night_2008153_aid0001,aid0001,2008-06-01,1645.0,,,,,,,,5.0,,,,,,,10793.0,4485.0,,,21718.0,
QC_Night_2008161_aid0001,aid0001,2008-06-09,27.0,,,,,,,,,,,,,,,12642.0,3042.0,,,22935.0,
QC_Night_2008169_aid0001,aid0001,2008-06-17,13.0,,,,,,,,,,,,,,,1060.0,192.0,,,37381.0,
QC_Night_2008177_aid0001,aid0001,2008-06-25,2.0,,,,,,,1.0,,,,,,,,34506.0,453.0,,,3684.0,
QC_Night_2008185_aid0001,aid0001,2008-07-03,,,,,,,,,,,,,,,,37101.0,343.0,,,1202.0,
QC_Night_2008193_aid0001,aid0001,2008-07-11,,,,,,,,,,,,,,,,5311.0,77.0,,,33258.0,
QC_Night_2008201_aid0001,aid0001,2008-07-19,,,,,,,,,,,,128.0,2.0,,,36172.0,1039.0,,,1305.0,
QC_Night_2008209_aid0001,aid0001,2008-07-27,,,,,,,,,,,,,,,,38526.0,96.0,,,24.0,
QC_Night_2008217_aid0001,aid0001,2008-08-04,,,,,,,,23.0,,,,1439.0,3.0,,,22713.0,2678.0,,,11790.0,
QC_Night_2008225_aid0001,aid0001,2008-08-12,2.0,,,,,,,,,,,,,,,37567.0,987.0,,,90.0,
QC_Night_2008233_aid0001,aid0001,2008-08-20,,,,,,,,9.0,,,,,,,,35181.0,2580.0,,,876.0,
QC_Night_2008241_aid0001,aid0001,2008-08-28,34.0,,,,,,,24.0,30.0,,,,,,,25451.0,2829.0,,,10278.0,
QC_Night_2008249_aid0001,aid0001,2008-09-05,35.0,,,,,,,23.0,6.0,,,,,,,9090.0,1653.0,,,27839.0,
QC_Night_2008257_aid0001,aid0001,2008-09-13,14.0,,,,,,,,,,,,,,,3392.0,155.0,,,35085.0,
QC_Night_2008265_aid0001,aid0001,2008-09-21,26.0,,,,,,,,,,,,,,,12845.0,2605.0,,,23170.0,
QC_Night_2008273_aid0001,aid0001,2008-09-29,143.0,,,,,,,,,,,,,,,32019.0,5241.0,,,1243.0,
QC_Night_2008281_aid0001,aid0001,2008-10-07,54.0,,,,,,,,,,,,,,,10690.0,3603.0,,,24299.0,
QC_Night_2008289_aid0001,aid0001,2008-10-15,92.0,,,,,,,,,,,,,,,1682.0,268.0,,,36604.0,
QC_Night_2008297_aid0001,aid0001,2008-10-23,59.0,,,,,,,,,,,,,,,3038.0,3347.0,,,32202.0,
QC_Night_2008305_aid0001,aid0001,2008-10-31,18062.0,,,,,,,,,,,,,,,5445.0,10923.0,,,4216.0,
QC_Night_2008313_aid0001,aid0001,2008-11-08,7895.0,,,,,,,,,,,,,,,2155.0,8313.0,,,20283.0,
QC_Night_2008321_aid0001,aid0001,2008-11-16,1377.0,,,,,,,,,,,,,,,6616.0,5819.0,,,24834.0,
QC_Night_2008329_aid0001,aid0001,2008-11-24,8551.0,,,,,,,,,,,,,,,2653.0,3113.0,,,24329.0,
QC_Night_2008337_aid0001,aid0001,2008-12-02,4428.0,,,,,,,,,,,,,,,7446.0,9138.0,,,17634.0,
QC_Night_2008345_aid0001,aid0001,2008-12-10,13985.0,,,,,,,,,,,,,,,,100.0,,,24561.0,
QC_Night_2008353_aid0001,aid0001,2008-12-18,28459.0,,,,,,,,,,,,,,,178.0,283.0,,,9726.0,
QC_Night_2008361_aid0001,aid0001,2008-12-26,14826.0,,,,,,,,,,,,,,,1109.0,676.0,,,22035.0,
QC_Night_2009001_aid0001,aid0001,2009-01-01,11910.0,,,,,,,,,,,,,,,1478.0,2872.0,,,22386.0,
QC_Night_2009009_aid0001,aid0001,2009-01-09,8247.0,,,,,,,,,,,,,,,41.0,402.0,,,29956.0,
QC_Night_2009017_aid0001,aid0001,2009-01-17,6082.0,,,,,,,,,,,,,,,97.0,1176.0,,,31291.0,
QC_Night_2009025_aid0001,aid0001,2009-01-25,9153.0,,,,,,,,,,,,,,,697.0,2436.0,,,26360.0,
QC_Night_2009033_aid0001,aid0001,2009-02-02,7273.0,,,,,,,,,,,,,,,1280.0,1497.0,,,28596.0,
QC_Night_2009041_aid0001,aid0001,2009-02-10,11718.0,,,,,,,,,,,,,,,,,,,26928.0,
QC_Night_2009049_aid0001,aid0001,2009-02-18,6924.0,,,,,,,,,,,,,,,97.0,505.0,,,31120.0,
QC_Night_2009057_aid0001,aid0001,2009-02-26,12129.0,,,,,,,,,,,,,,,427.0,1200.0,,,24890.0,
QC_Night_2009065_aid0001,aid0001,2009-03-06,4761.0,,,,,,,,,,,,,,,739.0,2747.0,,,30399.0,
QC_Night_2009073_aid0001,aid0001,2009-03-14,2511.0,,,,,,,,,,,,,,,1247.0,2908.0,,,31980.0,
QC_Night_2009081_aid0001,aid0001,2009-03-22,7184.0,,,,,,,,,,,,,,,1474.0,2825.0,,,27163.0,
QC_Night_2009089_aid0001,aid0001,2009-03-30,8735.0,,,,,,,,,,,,,,,119.0,1799.0,,,27993.0,
QC_Night_2009097_aid0001,aid0001,2009-04-07,1920.0,,,,,,,,,,,,,,,8250.0,6365.0,,,22111.0,
QC_Night_2009105_aid0001,aid0001,2009-04-15,1091.0,,,,,,,,,,,,,,,1454.0,1921.0,,,34180.0,
QC_Night_2009113_aid0001,aid0001,2009-04-23,1747.0,,,,,,,,,,,,,,,9942.0,15513.0,,,11444.0,
QC_Night_2009121_aid0001,aid0001,2009-05-01,1639.0,,,,,,,,,,,,,,,8586.0,5798.0,,,22623.0,
QC_Night_2009129_aid0001,aid0001,2009-05-09,592.0,,,,,,,,,,,,,,,13469.0,6542.0,,,18043.0,
QC_Night_2009137_aid0001,aid0001,2009-05-17,275.0,,,,,,,9.0,,,,,,,,28131.0,9237.0,,,994.0,
QC_Night_2009145_aid0001,aid0001,2009-05-25,457.0,,,,,,,,13.0,,,,,,,12517.0,3063.0,,,22596.0,
QC_Night_2009153_aid0001,aid0001,2009-06-02,12309.0,,,,,,,,,,,,,,,7554.0,9198.0,,8.0,9577.0,
QC_Night_2009161_aid0001,aid0001,2009-06-10,7372.0,,,,,,,366.0,774.0,,,,,,,13002.0,14718.0,,,2414.0,
QC_Night_2009169_aid0001,aid0001,2009-06-18,8.0,,,,,,,333.0,36.0,,,,,,,32089.0,3460.0,,,2720.0,
QC_Night_2009177_aid0001,aid0001,2009-06-26,,,,,,,,,,,,,,,,7342.0,564.0,,,30740.0,
QC_Night_2009185_aid0001,aid0001,2009-07-04,,,,,,,,,,,,438.0,77.0,,,26901.0,534.0,,2.0,10694.0,
QC_Night_2009193_aid0001,aid0001,2009-07-12,,,,,,,,,,,,,,,,31440.0,627.0,,,6579.0,
QC_Night_2009201_aid0001,aid0001,2009-07-20,,,,,,,,48.0,,,,349.0,,,,19208.0,1469.0,,,17572.0,
QC_Night_2009209_aid0001,aid0001,2009-07-28,,,,,,,,184.0,2.0,,,,,,,35902.0,2523.0,,,35.0,
QC_Night_2009217_aid0001,aid0001,2009-08-05,81.0,,,,,,,4.0,51.0,,,,,,,25317.0,4543.0,,,8650.0,
QC_Night_2009225_aid0001,aid0001,2009-08-13,,,,,,,,306.0,34.0,,,,,,,35113.0,3157.0,,,36.0,
QC_Night_2009233_aid0001,aid0001,2009-08-21,,,,,,,,1.0,,,,,,,,35930.0,390.0,,,2325.0,
QC_Night_2009241_aid0001,aid0001,2009-08-29,4.0,,,,,,,9.0,7.0,,,,,,,28517.0,4532.0,,,5577.0,
QC_Night_2009249_aid0001,aid0001,2009-09-06,27.0,,,,,,,24.0,97.0,,,2.0,3.0,,,25197.0,4228.0,,5.0,9063.0,
QC_Night_2009257_aid0001,aid0001,2009-09-14,9.0,,,,,9.0,5.0,184.0,12.0,,,5475.0,1414.0,,,25811.0,5726.0,,,1.0,
QC_Night_2009265_aid0001,aid0001,2009-09-22,68.0,,,,,,,,,,,,,,,12672.0,1914.0,,,23992.0,
QC_Night_2009273_aid0001,aid0001,2009-09-30,1700.0,,,,,,,39.0,,,,,,,,10131.0,8885.0,,,17891.0,
QC_Night_2009281_aid0001,aid0001,2009-10-08,2571.0,,,,,,,,,,,,,,,7427.0,8643.0,,,20005.0,
QC_Night_2009289_aid0001,aid0001,2009-10-16,506.0,,,,,,,11.0,3.0,,,,,,,23081.0,8103.0,,,6942.0,
QC_Night_2009297_aid0001,aid0001,2009-10-24,5283.0,,,,,,,,,,,,,,,7.0,7.0,,,33349.0,
QC_Night_2009305_aid0001,aid0001,2009-11-01,237.0,,,,,,,,,,,,,,,4734.0,1987.0,,,31688.0,
QC_Night_2009313_aid0001,aid0001,2009-11-09,15045.0,,,,,,,,,,,,,,,237.0,4645.0,,,18719.0,
QC_Night_2009321_aid0001,aid0001,2009-11-17,3713.0,,,,,,,,,,,,,,,3083.0,11314.0,,,20536.0,
QC_Night_2009329_aid0001,aid0001,2009-11-25,3408.0,,,,,,,,,,,,,,,149.0,632.0,,,34457.0,
QC_Night_2009337_aid0001,aid0001,2009-12-03,5336.0,,,,,,,,,,,,,,,1186.0,7932.0,,,24192.0,
QC_Night_2009345_aid0001,aid0001,2009-12-11,13974.0,,,,,,,,,,,,,,,1348.0,2223.0,,,21101.0,
QC_Night_2009353_aid0001,aid0001,2009-12-19,8212.0,,,,,,,,,,,,,,,2373.0,5352.0,,,22709.0,
QC_Night_2009361_aid0001,aid0001,2009-12-27,10984.0,,,,,,,,,,,,,,,,,,,27662.0,
QC_Night_2010001_aid0001,aid0001,2010-01-01,8076.0,,,,,,,,,,,,,,,4098.0,2227.0,,,24245.0,
QC_Night_2010009_aid0001,aid0001,2010-01-09,5022.0,,,,,,,,,,,,,,,688.0,3672.0,,,29264.0,
QC_Night_2010017_aid0001,aid0001,2010-01-17,14454.0,,,,,,,,,,,,,,,1556.0,1142.0,,,21494.0,
QC_Night_2010025_aid0001,aid0001,2010-01-25,8497.0,,,,,,,,,,,,,,,95.0,82.0,,,29972.0,
QC_Night_2010033_aid0001,aid0001,2010-02-02,6982.0,,,,,,,,,,,,,,,23.0,,,,31641.0,
QC_Night_2010041_aid0001,aid0001,2010-02-10,12530.0,,,,,,,,,,,,,,,1206.0,3762.0,,,21148.0,
QC_Night_2010049_aid0001,aid0001,2010-02-18,7459.0,,,,,,,,,,,,,,,259.0,183.0,,,30745.0,
QC_Night_2010057_aid0001,aid0001,2010-02-26,6390.0,,,,,,,,,,,,,,,58.0,86.0,,,32112.0,
QC_Night_2010065_aid0001,aid0001,2010-03-06,7829.0,,,,,,,,,,,,,,,267.0,2557.0,,,27993.0,
QC_Night_2010073_aid0001,aid0001,2010-03-14,2317.0,,,,,,,,,,,,,,,180.0,371.0,,,35778.0,
QC_Night_2010081_aid0001,aid0001,2010-03-22,2394.0,,,,,,,,,,,,,,,1710.0,3607.0,,,30935.0,
QC_Night_2010089_aid0001,aid0001,2010-03-30,22199.0,,,,,,,,,,,,,,,231.0,579.0,,,15637.0,
QC_Night_2010097_aid0001,aid0001,2010-04-07,5458.0,,,,,,,,,,,,,,,2677.0,7275.0,,,23236.0,
QC_Night_2010105_aid0001,aid0001,2010-04-15,459.0,,,,,,,,,,,,,,,10492.0,2063.0,,,25632.0,
QC_Night_2010113_aid0001,aid0001,2010-04-23,2530.0,,,,,,,,,,,,,,,10649.0,11098.0,,,14369.0,
QC_Night_2010121_aid0001,aid0001,2010-05-01,4212.0,,,,,,,,,,,,,,,1343.0,4016.0,,,29075.0,
QC_Night_2010129_aid0001,aid0001,2010-05-09,1508.0,,,,,,,,,,,,,,,1113.0,686.0,,,35339.0,
QC_Night_2010137_aid0001,aid0001,2010-05-17,10477.0,,,,,,,,,,,,,,,1570.0,3031.0,,,23568.0,
QC_Night_2010145_aid0001,aid0001,2010-05-25,3318.0,,,,,,,2.0,21.0,,,,,,,3052.0,2045.0,,,30208.0,
QC_Night_2010153_aid0001,aid0001,2010-06-02,1842.0,,,,,,,,,,,19204.0,5663.0,,,5055.0,719.0,278.0,17.0,5868.0,
QC_Night_2010161_aid0001,aid0001,2010-06-10,176.0,,,,,,,,3.0,,,1.0,3.0,,,5629.0,1054.0,16.0,33.0,31731.0,
QC_Night_2010169_aid0001,aid0001,2010-06-18,5.0,,,,,,,13.0,17.0,,,,,,,22876.0,2461.0,,,13274.0,
QC_Night_2010177_aid0001,aid0001,2010-06-26,,,,,,,,2.0,,,,,,,,37546.0,642.0,,,456.0,
QC_Night_2010185_aid0001,aid0001,2010-07-04,2.0,,,,,,,62.0,73.0,,,,,,,31120.0,7283.0,,,106.0,
QC_Night_2010193_aid0001,aid0001,2010-07-12,,,,,,,,15.0,,,,,2.0,,,37841.0,755.0,,,33.0,
QC_Night_2010201_aid0001,aid0001,2010-07-20,,,,,,,,2.0,,,,,,,,38393.0,226.0,,,25.0,
QC_Night_2010209_aid0001,aid0001,2010-07-28,11.0,,207.0,248.0,,11.0,33.0,14886.0,4966.0,,,559.0,141.0,,,11845.0,4751.0,,,988.0,
QC_Night_2010217_aid0001,aid0001,2010-08-05,,,,,,,,3.0,,,,3.0,,,,23320.0,1954.0,,,13366.0,
QC_Night_2010225_aid0001,aid0001,2010-08-13,1.0,,,,,,,,,,,,,,,29729.0,690.0,,,8226.0,
QC_Night_2010233_aid0001,aid0001,2010-08-21,,,,,,,,,,,,,,,,30706.0,397.0,,,7543.0,
QC_Night_2010241_aid0001,aid0001,2010-08-29,13.0,,,,,,,1.0,1.0,,,,,,,20804.0,1311.0,,,16516.0,
QC_Night_2010249_aid0001,aid0001,2010-09-06,65.0,,,,,,,,,,,,,,,7216.0,808.0,,,30557.0,
QC_Night_2010257_aid0001,aid0001,2010-09-14,2.0,,,,,,,,5.0,,,,,,,4401.0,659.0,,,33579.0,
QC_Night_2010265_aid0001,aid0001,2010-09-22,4.0,,,,,,,17.0,32.0,,,,,,,22999.0,2322.0,,,13272.0,
QC_Night_2010273_aid0001,aid0001,2010-09-30,8.0,,,,,,,,,,,49.0,,,,25099.0,4388.0,,,9102.0,
QC_Night_2010281_aid0001,aid0001,2010-10-08,5.0,,,,,,,,,,,,,,,76.0,36.0,,,38529.0,
QC_Night_2010289_aid0001,aid0001,2010-10-16,11.0,,,,,,,,,,,,,,,3245.0,74.0,,,35316.0,
QC_Night_2010297_aid0001,aid0001,2010-10-24,11678.0,,,,,,,,,,,,,,,378.0,25.0,,,26565.0,
QC_Night_2010305_aid0001,aid0001,2010-11-01,295.0,,,,,,,,,,,,,,,7430.0,2548.0,,,28373.0,
QC_Night_2010313_aid0001,aid0001,2010-11-09,26924.0,,,,,,,,,,,,,,,475.0,5261.0,,,5986.0,
QC_Night_2010321_aid0001,aid0001,2010-11-17,21885.0,,,,,,,,,,,,,,,1464.0,5917.0,,,9380.0,
QC_Night_2010329_aid0001,aid0001,2010-11-25,22768.0,,,,,,,,,,,,,,,848.0,995.0,,,14035.0,
QC_Night_2010337_aid0001,aid0001,2010-12-03,26835.0,,,,,,,,,,,,,,,113.0,1594.0,,,10104.0,
QC_Night_2010345_aid0001,aid0001,2010-12-11,3257.0,,,,,,,,,,,,,,,13599.0,9540.0,,,12250.0,
QC_Night_2010353_aid0001,aid0001,2010-12-19,26125.0,,,,,,,,,,,,,,,,,,,12521.0,
QC_Night_2010361_aid0001,aid0001,2010-12-27,14433.0,,,,,,,,,,,,,,,,,,,24213.0,
QC_Night_2011001_aid0001,aid0001,2011-01-01,6788.0,,,,,,,,,,,,,,,6004.0,3469.0,,,22385.0,
QC_Night_2011009_aid0001,aid0001,2011-01-09,9654.0,,,,,,,,,,,,,,,28.0,36.0,,,28928.0,
QC_Night_2011017_aid0001,aid0001,2011-01-17,10821.0,,,,,,,,,,,,,,,8918.0,6819.0,,,12088.0,
QC_Night_2011025_aid0001,aid0001,2011-01-25,11692.0,,,,,,,,,,,,,,,418.0,839.0,,,25697.0,
QC_Night_2011033_aid0001,aid0001,2011-02-02,8304.0,,,,,,,,,,,,,,,602.0,102.0,,,29638.0,
QC_Night_2011041_aid0001,aid0001,2011-02-10,6164.0,,,,,,,,,,,,,,,181.0,1597.0,,,30704.0,
QC_Night_2011049_aid0001,aid0001,2011-02-18,15312.0,,,,,,,,,,,,,,,119.0,3235.0,,,19980.0,
QC_Night_2011057_aid0001,aid0001,2011-02-26,9130.0,,,,,,,,,,,,,,,682.0,1207.0,,,27627.0,
QC_Night_2011065_aid0001,aid0001,2011-03-06,5037.0,,,,,,,,,,,,,,,7911.0,13981.0,,,11717.0,
QC_Night_2011073_aid0001,aid0001,2011-03-14,19243.0,,,,,,,,,,,,,,,,,,,19403.0,
QC_Night_2011081_aid0001,aid0001,2011-03-22,7188.0,,,,,,,,,,,,,,,1196.0,3812.0,,,26450.0,
QC_Night_2011089_aid0001,aid0001,2011-03-30,8730.0,,,,,,,,,,,,,,,3007.0,7673.0,,,19236.0,
QC_Night_2011097_aid0001,aid0001,2011-04-07,7345.0,,,,,,,,,,,,,,,7550.0,13536.0,,,10215.0,
QC_Night_2011105_aid0001,aid0001,2011-04-15,3411.0,,,,,,,,,,,,,,,15.0,149.0,,,35071.0,
QC_Night_2011113_aid0001,aid0001,2011-04-23,5770.0,,,,,,,,,,,,,,,4473.0,4525.0,,,23878.0,
QC_Night_2011121_aid0001,aid0001,2011-05-01,2080.0,,,,,,,,,,,,,,,514.0,362.0,,,35690.0,
QC_Night_2011129_aid0001,aid0001,2011-05-09,643.0,,,,,,,,,,,,,,,12818.0,12372.0,,,12813.0,
QC_Night_2011137_aid0001,aid0001,2011-05-17,29942.0,,,,,,,,,,,,,,,315.0,3114.0,,,5275.0,
QC_Night_2011145_aid0001,aid0001,2011-05-25,4531.0,,,,,,,,299.0,,,,,,,7855.0,5007.0,,,20954.0,
QC_Night_2011153_aid0001,aid0001,2011-06-02,418.0,,,,,,,39.0,193.0,,,,,,,15701.0,6412.0,,,15883.0,
QC_Night_2011161_aid0001,aid0001,2011-06-10,1363.0,,,,,,,176.0,390.0,,,,,,,16977.0,5189.0,,,14551.0,
QC_Night_2011169_aid0001,aid0001,2011-06-18,31.0,,,,,,,10.0,8.0,,,,,,,28091.0,4952.0,,,5554.0,
QC_Night_2011177_aid0001,aid0001,2011-06-26,16.0,,,,,,,15.0,17.0,,,,,,,9103.0,726.0,,,28769.0,
QC_Night_2011185_aid0001,aid0001,2011-07-04,6724.0,,,,,2572.0,855.0,5539.0,3676.0,387.0,288.0,10875.0,6149.0,,,140.0,632.0,256.0,503.0,50.0,
QC_Night_2011193_aid0001,aid0001,2011-07-12,2.0,,,2.0,,,,22.0,9.0,,,,,,,36278.0,2107.0,,,226.0,
QC_Night_2011201_aid0001,aid0001,2011-07-20,,,,,,,,,,,,,,,,37035.0,420.0,,,1191.0,
QC_Night_2011209_aid0001,aid0001,2011-07-28,3.0,,,,,,,112.0,,,,,,,,28311.0,1120.0,,,9100.0,
QC_Night_2011217_aid0001,aid0001,2011-08-05,,,,,,,,,,,,,,,,35037.0,883.0,,,2726.0,
QC_Night_2011225_aid0001,aid0001,2011-08-13,,,,,,13.0,,61.0,,,,1172.0,,,,24025.0,1276.0,,,12099.0,
QC_Night_2011233_aid0001,aid0001,2011-08-21,,,,,,329.0,4.0,8307.0,173.0,,,2616.0,79.0,,,26611.0,527.0,,,,
QC_Night_2011241_aid0001,aid0001,2011-08-29,,,,,,,,2.0,,,,,,,,37752.0,852.0,,,40.0,
QC_Night_2011249_aid0001,aid0001,2011-09-06,179.0,,,,,,,9.0,12.0,,,530.0,393.0,,,23022.0,8604.0,30.0,11.0,5856.0,
QC_Night_2011257_aid0001,aid0001,2011-09-14,170.0,,,,,,,242.0,221.0,,,,,,,30782.0,6872.0,,,359.0,
QC_Night_2011265_aid0001,aid0001,2011-09-22,,,,,,,,,,,,,,,,18089.0,887.0,,,19670.0,
QC_Night_2011273_aid0001,aid0001,2011-09-30,102.0,,,,,,,,3.0,,,452.0,119.0,,,9859.0,2420.0,27.0,,25664.0,
QC_Night_2011281_aid0001,aid0001,2011-10-08,737.0,,,,,,,,,,,,,,,3464.0,5059.0,,,29386.0,
QC_Night_2011289_aid0001,aid0001,2011-10-16,104.0,,,,,,,,,,,,,,,12510.0,3027.0,,,23005.0,
QC_Night_2011297_aid0001,aid0001,2011-10-24,117.0,,,,,,,,,,,,,,,7537.0,2316.0,,,28676.0,
QC_Night_2011305_aid0001,aid0001,2011-11-01,12173.0,,,,,,,,,,,,,,,,,,,26473.0,
QC_Night_2011313_aid0001,aid0001,2011-11-09,11781.0,,,,,,,,,,,,,,,,80.0,,,26785.0,
QC_Night_2011321_aid0001,aid0001,2011-11-17,15957.0,,,,,,,,,,,,,,,2987.0,5033.0,,,14669.0,
QC_Night_2011329_aid0001,aid0001,2011-11-25,5274.0,,,,,,,,,,,,,,,184.0,919.0,,,32269.0,
QC_Night_2011337_aid0001,aid0001,2011-12-03,8651.0,,,,,,,,,,,,,,,2105.0,10416.0,,,17474.0,
QC_Night_2011345_aid0001,aid0001,2011-12-11,8841.0,,,,,,,,,,,,,,,378.0,2118.0,,,27309.0,
QC_Night_2011353_aid0001,aid0001,2011-12-19,7031.0,,,,,,,,,,,,,,,2171.0,5419.0,,,24025.0,
QC_Night_2011361_aid0001,aid0001,2011-12-27,15277.0,,,,,,,,,,,,,,,609.0,1038.0,,,21722.0,
QC_Night_2012001_aid0001,aid0001,2012-01-01,5683.0,,,,,,,,,,,,,,,595.0,985.0,,,31383.0,
QC_Night_2012009_aid0001,aid0001,2012-01-09,6256.0,,,,,,,,,,,,,,,1059.0,3795.0,,,27536.0,
QC_Night_2012017_aid0001,aid0001,2012-01-17,19321.0,,,,,,,,,,,,,,,2481.0,8253.0,,,8591.0,
QC_Night_2012025_aid0001,aid0001,2012-01-25,9001.0,,,,,,,,,,,,,,,15.0,85.0,,,29545.0,
QC_Night_2012033_aid0001,aid0001,2012-02-02,8039.0,,,,,,,,,,,,,,,31.0,210.0,,,30366.0,
QC_Night_2012041_aid0001,aid0001,2012-02-10,11572.0,,,,,,,,,,,,,,,4680.0,7336.0,,,15058.0,
QC_Night_2012049_aid0001,aid0001,2012-02-18,7494.0,,,,,,,,,,,,,,,2475.0,8461.0,,,20216.0,
QC_Night_2012057_aid0001,aid0001,2012-02-26,13803.0,,,,,,,,,,,,,,,116.0,23.0,,,24704.0,
QC_Night_2012065_aid0001,aid0001,2012-03-05,4786.0,,,,,,,,,,,,,,,1960.0,5272.0,,,26628.0,
QC_Night_2012073_aid0001,aid0001,2012-03-13,13669.0,,,,,,,,,,,,,,,753.0,6015.0,,,18209.0,
QC_Night_2012081_aid0001,aid0001,2012-03-21,1390.0,,,,,,,,,,,,,,,11354.0,6891.0,,,19011.0,
QC_Night_2012089_aid0001,aid0001,2012-03-29,1146.0,,,,,,,,,,,,,,,29.0,44.0,,,37427.0,
QC_Night_2012097_aid0001,aid0001,2012-04-06,392.0,,,,,,,,,,,,,,,794.0,247.0,,,37212.0,1.0
QC_Night_2012105_aid0001,aid0001,2012-04-14,2787.0,20.0,,,1.0,,,,,,,,,1.0,10.0,13253.0,6195.0,,,16379.0,
QC_Night_2012113_aid0001,aid0001,2012-04-22,666.0,,,,,,,,,,,,,,,17529.0,14610.0,,,5841.0,
QC_Night_2012121_aid0001,aid0001,2012-04-30,1694.0,,,,,,,,5.0,,,,,,,257.0,170.0,,,36520.0,
QC_Night_2012129_aid0001,aid0001,2012-05-08,60.0,,,,,,,,,,,,,,,722.0,761.0,,,37103.0,
QC_Night_2012137_aid0001,aid0001,2012-05-16,176.0,,,,,,,,,,,,,,,2683.0,1251.0,,,34536.0,
QC_Night_2012145_aid0001,aid0001,2012-05-24,228.0,,,,,,,,,,,,,,,15134.0,6982.0,,,16302.0,
QC_Night_2012153_aid0001,aid0001,2012-06-01,,,,,,,,,,,,,,,,11924.0,1227.0,,,25495.0,
QC_Night_2012161_aid0001,aid0001,2012-06-09,11.0,,,,,,,27.0,65.0,,,,,,,26801.0,5791.0,,,5951.0,
QC_Night_2012169_aid0001,aid0001,2012-06-17,,,,,,,,,,,,,,,,3995.0,232.0,,,34419.0,
QC_Night_2012177_aid0001,aid0001,2012-06-25,,,,,,,,,,,,,,,,11069.0,123.0,,,27454.0,
QC_Night_2012185_aid0001,aid0001,2012-07-03,,,,,,,,,,,,,,,,38613.0,33.0,,,,
QC_Night_2012193_aid0001,aid0001,2012-07-11,12.0,,18.0,26.0,,,,3583.0,1073.0,,,5.0,,,,25524.0,7012.0,,,1393.0,
QC_Night_2012201_aid0001,aid0001,2012-07-19,,,,,,4.0,,97.0,15.0,,,36.0,,,,32596.0,3173.0,,,2725.0,
QC_Night_2012209_aid0001,aid0001,2012-07-27,39.0,,,,,,,265.0,22.0,,,,,,,31796.0,3319.0,,,3205.0,
QC_Night_2012217_aid0001,aid0001,2012-08-04,,,,,,,,,,,,5.0,,,,37531.0,1016.0,,,94.0,
QC_Night_2012225_aid0001,aid0001,2012-08-12,,,,,,,,1.0,,,,,,,,38277.0,202.0,,,166.0,
QC_Night_2012233_aid0001,aid0001,2012-08-20,,,,,,,,17.0,,,,,,,,38065.0,519.0,,,45.0,
QC_Night_2012241_aid0001,aid0001,2012-08-28,9.0,,,,,6.0,,2786.0,348.0,,,1402.0,563.0,,,28954.0,3869.0,12.0,2.0,695.0,
QC_Night_2012249_aid0001,aid0001,2012-09-05,11.0,,,,,,,,,,,,,,,4076.0,307.0,,,34252.0,
QC_Night_2012257_aid0001,aid0001,2012-09-13,26.0,,,,,,,,,,,,,,,7536.0,794.0,,,30290.0,
QC_Night_2012265_aid0001,aid0001,2012-09-21,37.0,,,,,,,,,,,,,,,20731.0,1846.0,,,16032.0,
QC_Night_2012273_aid0001,aid0001,2012-09-29,33.0,,,,,,,8.0,12.0,,,,,,,24160.0,1572.0,,,12861.0,
QC_Night_2012281_aid0001,aid0001,2012-10-07,117.0,,,,,,,,,,,,,,,3458.0,2827.0,,,32244.0,
QC_Night_2012289_aid0001,aid0001,2012-10-15,26.0,,,,,,,,,,,,,,,2878.0,2002.0,,,33740.0,
QC_Night_2012297_aid0001,aid0001,2012-10-23,4557.0,,,,,,,,,,,,,,,1703.0,1667.0,,,30719.0,
QC_Night_2012305_aid0001,aid0001,2012-10-31,37.0,,,,,,,,,,,,,,,25819.0,3789.0,,,9001.0,
QC_Night_2012313_aid0001,aid0001,2012-11-08,8558.0,,,,,,,,,,,,,,,11.0,142.0,,,29935.0,
QC_Night_2012321_aid0001,aid0001,2012-11-16,18207.0,,,,,,,,,,,,,,,647.0,6756.0,,,13036.0,
QC_Night_2012329_aid0001,aid0001,2012-11-24,11013.0,,,,,,,,,,,,,,,616.0,4518.0,,,22499.0,
QC_Night_2012337_aid0001,aid0001,2012-12-02,28894.0,,,,,,,,,,,,,,,,47.0,,,9705.0,
QC_Night_2012345_aid0001,aid0001,2012-12-10,32246.0,,,,,,,,,,,,,,,,120.0,,,6280.0,
QC_Night_2012353_aid0001,aid0001,2012-12-18,15422.0,,,,,,,,,,,,,,,45.0,43.0,,,23136.0,
QC_Night_2012361_aid0001,aid0001,2012-12-26,25415.0,,,,,,,,,,,,,,,,,,,13231.0,
QC_Night_2013001_aid0001,aid0001,2013-01-01,8293.0,,,,,,,,,,,,,,,20.0,370.0,,,29963.0,
QC_Night_2013009_aid0001,aid0001,2013-01-09,8076.0,,,,,,,,,,,,,,,,,,,30570.0,
QC_Night_2013017_aid0001,aid0001,2013-01-17,7703.0,,,,,,,,,,,,,,,29.0,327.0,,,30587.0,
QC_Night_2013025_aid0001,aid0001,2013-01-25,15299.0,,,,,,,,,,,,,,,1388.0,2976.0,,,18983.0,
QC_Night_2013033_aid0001,aid0001,2013-02-02,8458.0,,,,,,,,,,,,,,,809.0,300.0,,,29079.0,
QC_Night_2013041_aid0001,aid0001,2013-02-10,7663.0,,,,,,,,,,,,,,,1.0,48.0,,,30934.0,
QC_Night_2013049_aid0001,aid0001,2013-02-18,8893.0,,,,,,,,,,,,,,,,,,,29753.0,
QC_Night_2013057_aid0001,aid0001,2013-02-26,7602.0,,,,,,,,,,,,,,,129.0,398.0,,,30517.0,
QC_Night_2013065_aid0001,aid0001,2013-03-06,4267.0,,,,,,,,,,,,,,,1129.0,6524.0,,,26726.0,
QC_Night_2013073_aid0001,aid0001,2013-03-14,5778.0,,,,,,,,,,,,,,,9138.0,5658.0,,,18072.0,
QC_Night_2013081_aid0001,aid0001,2013-03-22,3680.0,,,,,,,,,,,,,,,1150.0,3269.0,,,30547.0,
QC_Night_2013089_aid0001,aid0001,2013-03-30,1213.0,,,,,,,,,,,,,,,3256.0,1385.0,,,32792.0,
QC_Night_2013097_aid0001,aid0001,2013-04-07,3691.0,,,,,,,,,,,,,,,4530.0,6156.0,,,24269.0,
QC_Night_2013105_aid0001,aid0001,2013-04-15,1574.0,,,,,,,,,,,,,,,1648.0,3035.0,,,32389.0,
QC_Night_2013113_aid0001,aid0001,2013-04-23,296.0,,,,,,,,,,,,,,,2144.0,2499.0,,,33707.0,
QC_Night_2013121_aid0001,aid0001,2013-05-01,762.0,,,,,,,,,,,,,,,4143.0,4985.0,,,28756.0,
QC_Night_2013129_aid0001,aid0001,2013-05-09,2475.0,,,,,,,,,,,,,,,12448.0,10463.0,,,13260.0,
QC_Night_2013137_aid0001,aid0001,2013-05-17,785.0,,,,,,,,17.0,,,,,,,1076.0,465.0,,,36303.0,
QC_Night_2013145_aid0001,aid0001,2013-05-25,497.0,,,,,,,84.0,167.0,,,,,,,15400.0,5541.0,,,16957.0,
QC_Night_2013153_aid0001,aid0001,2013-06-02,22.0,,,,,,,121.0,26.0,,,,,,,29383.0,4537.0,,,4557.0,
QC_Night_2013161_aid0001,aid0001,2013-06-10,8.0,,,,,,,,18.0,,,51.0,,,,26105.0,2925.0,,,9539.0,
QC_Night_2013169_aid0001,aid0001,2013-06-18,,,,,,,,30.0,4.0,,,,,,,33863.0,3128.0,,,1621.0,
QC_Night_2013177_aid0001,aid0001,2013-06-26,,,,,,,,403.0,19.0,,,,,,,36609.0,275.0,,,1340.0,
QC_Night_2013185_aid0001,aid0001,2013-07-04,4.0,,,,,,,12.0,,,,792.0,,,,14583.0,2942.0,,,20313.0,
QC_Night_2013193_aid0001,aid0001,2013-07-12,,,919.0,34.0,,1734.0,336.0,12094.0,1453.0,,,2496.0,306.0,,,17343.0,1842.0,,,89.0,
QC_Night_2013201_aid0001,aid0001,2013-07-20,,,,,,,,132.0,47.0,,,,,,,35719.0,1279.0,,,1469.0,
QC_Night_2013209_aid0001,aid0001,2013-07-28,,,,,,,,,3.0,,,51.0,,,,32064.0,4580.0,,,1948.0,
QC_Night_2013217_aid0001,aid0001,2013-08-05,11.0,,,,,,,,,,,221.0,,,,24942.0,3072.0,8.0,3.0,10389.0,
QC_Night_2013225_aid0001,aid0001,2013-08-13,,,,,,,,54.0,4.0,,,,,,,37384.0,1106.0,,,98.0,
QC_Night_2013233_aid0001,aid0001,2013-08-21,1286.0,,,232.0,,1596.0,360.0,2110.0,2809.0,1.0,2.0,9199.0,1771.0,,,13235.0,5859.0,,,186.0,
QC_Night_2013241_aid0001,aid0001,2013-08-29,,,11.0,11.0,,,,18037.0,2385.0,,,3.0,,,,17001.0,824.0,,,374.0,
QC_Night_2013249_aid0001,aid0001,2013-09-06,8923.0,,3.0,190.0,,,47.0,2068.0,3094.0,,,760.0,177.0,,,12443.0,9474.0,,,1467.0,
QC_Night_2013257_aid0001,aid0001,2013-09-14,,,,,,,,10.0,,,,,,,,32596.0,2277.0,,,3763.0,
QC_Night_2013265_aid0001,aid0001,2013-09-22,624.0,,,,,,,,,,,,,,,8357.0,5231.0,,,24434.0,
QC_Night_2013273_aid0001,aid0001,2013-09-30,92.0,,,,,,,,,,,,,,,552.0,678.0,,,37324.0,
QC_Night_2013281_aid0001,aid0001,2013-10-08,4957.0,,,,,,,,,,,,,,,17069.0,11356.0,,,5264.0,
QC_Night_2013289_aid0001,aid0001,2013-10-16,669.0,,,,,,,,,,,,,,,969.0,352.0,,,36656.0,
QC_Night_2013297_aid0001,aid0001,2013-10-24,334.0,,,,,,,,,,,,,,,11887.0,5544.0,,,20881.0,
QC_Night_2013305_aid0001,aid0001,2013-11-01,8814.0,,,,,,,,,,,,,,,3232.0,5199.0,,,21401.0,
QC_Night_2013313_aid0001,aid0001,2013-11-09,1278.0,,,,,,,,,,,,,,,16712.0,8549.0,,,12107.0,
QC_Night_2013321_aid0001,aid0001,2013-11-17,22646.0,,,,,,,,,,,,,,,4.0,90.0,,,15906.0,
QC_Night_2013329_aid0001,aid0001,2013-11-25,10792.0,,,,,,,,,,,,,,,565.0,5736.0,,,21553.0,
QC_Night_2013337_aid0001,aid0001,2013-12-03,19913.0,,,,,,,,,,,,,,,18.0,237.0,,,18478.0,
QC_Night_2013345_aid0001,aid0001,2013-12-11,6767.0,,,,,,,,,,,,,,,183.0,2845.0,,,28851.0,
QC_Night_2013353_aid0001,aid0001,2013-12-19,9752.0,,,,,,,,,,,,,,,51.0,77.0,,,28766.0,
QC_Night_2013361_aid0001,aid0001,2013-12-27,7515.0,,,,,,,,,,,,,,,124.0,1372.0,,,29635.0,
QC_Night_2014001_aid0001,aid0001,2014-01-01,7260.0,,,,,,,,,,,,,,,2599.0,409.0,,,28378.0,
QC_Night_2014009_aid0001,aid0001,2014-01-09,7909.0,,,,,,,,,,,,,,,11035.0,2265.0,,,17437.0,
QC_Night_2014017_aid0001,aid0001,2014-01-17,5584.0,,,,,,,,,,,,,,,,862.0,,,32200.0,
QC_Night_2014025_aid0001,aid0001,2014-01-25,7394.0,,,,,,,,,,,,,,,3.0,59.0,,,31190.0,
QC_Night_2014033_aid0001,aid0001,2014-02-02,13761.0,,,,,,,,,,,,,,,11.0,,,,24874.0,
QC_Night_2014041_aid0001,aid0001,2014-02-10,17747.0,,,,,,,,,,,,,,,39.0,,,,20860.0,
QC_Night_2014049_aid0001,aid0001,2014-02-18,5579.0,,,,,,,,,,,,,,,923.0,2798.0,,,29346.0,
QC_Night_2014057_aid0001,aid0001,2014-02-26,7800.0,,,,,,,,,,,,,,,1327.0,2310.0,,,27209.0,
QC_Night_2014065_aid0001,aid0001,2014-03-06,4192.0,,,,,,,,,,,,,,,381.0,333.0,,,33740.0,
QC_Night_2014073_aid0001,aid0001,2014-03-14,2113.0,,,,,,,,,,,,,,,255.0,408.0,,,35870.0,
QC_Night_2014081_aid0001,aid0001,2014-03-22,2381.0,,,,,,,,,,,,,,,560.0,694.0,,,35011.0,
QC_Night_2014089_aid0001,aid0001,2014-03-30,14323.0,,,,,,,,,,,,,,,168.0,5550.0,,,18605.0,
QC_Night_2014097_aid0001,aid0001,2014-04-07,880.0,,,,,,,,,,,,,,,719.0,1688.0,,,35359.0,
QC_Night_2014105_aid0001,aid0001,2014-04-15,3113.0,,,,,,,1567.0,4528.0,,,,,,,12942.0,9252.0,,,7244.0,
QC_Night_2014113_aid0001,aid0001,2014-04-23,4996.0,,,,,,,,,,,,,,,45.0,352.0,,,33253.0,
QC_Night_2014121_aid0001,aid0001,2014-05-01,1571.0,,,,,,,,,,,,,,,626.0,2311.0,,,34138.0,
QC_Night_2014129_aid0001,aid0001,2014-05-09,3957.0,,,,,,,,,,,,,,,8358.0,6152.0,,,20179.0,
QC_Night_2014137_aid0001,aid0001,2014-05-17,918.0,,,,,,,157.0,621.0,,,,,,,12189.0,8347.0,,,16414.0,
QC_Night_2014145_aid0001,aid0001,2014-05-25,281.0,,,,,,,1.0,9.0,,,,,,,26501.0,8469.0,,,3385.0,
QC_Night_2014153_aid0001,aid0001,2014-06-02,126.0,,,,,,,,,,,,,,,119.0,672.0,,,37729.0,
QC_Night_2014161_aid0001,aid0001,2014-06-10,1010.0,,,,,,,,2.0,,,,,,,9668.0,4205.0,,,23761.0,
QC_Night_2014169_aid0001,aid0001,2014-06-18,105.0,,,,,,,39.0,43.0,,,,,,,22284.0,7087.0,,,9088.0,
QC_Night_2014177_aid0001,aid0001,2014-06-26,1.0,,,,,,,4.0,3.0,,,,,,,34977.0,2881.0,,,780.0,
QC_Night_2014185_aid0001,aid0001,2014-07-04,,,,,,,,1.0,,,,,,,,38184.0,443.0,,,18.0,
QC_Night_2014193_aid0001,aid0001,2014-07-12,,,,,,,,1722.0,2.0,,,1514.0,4.0,,,35283.0,121.0,,,,
QC_Night_2014201_aid0001,aid0001,2014-07-20,,,,,,,,,,,,,,,,31881.0,423.0,,,6342.0,
QC_Night_2014209_aid0001,aid0001,2014-07-28,50.0,,3.0,,,2819.0,818.0,7415.0,1151.0,,,2202.0,696.0,,,17586.0,4622.0,,,1284.0,
QC_Night_2014217_aid0001,aid0001,2014-08-05,119.0,,1360.0,20.0,,3862.0,247.0,4707.0,2016.0,,,2093.0,1471.0,,,15048.0,7265.0,22.0,39.0,377.0,
QC_Night_2014225_aid0001,aid0001,2014-08-13,,,,,,,,994.0,125.0,,,,,,,35778.0,1749.0,,,,
QC_Night_2014233_aid0001,aid0001,2014-08-21,409.0,,,,,,,46.0,29.0,,,3.0,,,,5083.0,1259.0,,,31817.0,
QC_Night_2014241_aid0001,aid0001,2014-08-29,310.0,,,,,,,30.0,178.0,,,,,,,32060.0,5796.0,,,272.0,
QC_Night_2014249_aid0001,aid0001,2014-09-06,1.0,,,,,93.0,77.0,143.0,41.0,,,48.0,21.0,,,33717.0,4050.0,,,455.0,
QC_Night_2014257_aid0001,aid0001,2014-09-14,,,,,,,,,,,,,,,,22148.0,965.0,,,15533.0,
QC_Night_2014265_aid0001,aid0001,2014-09-22,,,,,,,,9.0,,,,15.0,,,,38496.0,93.0,,,33.0,
QC_Night_2014273_aid0001,aid0001,2014-09-30,11.0,,,,,,,,,,,,,,,33091.0,3271.0,,,2273.0,
QC_Night_2014281_aid0001,aid0001,2014-10-08,15.0,,,,,,,,,,,,,,,16766.0,1680.0,,,20185.0,
QC_Night_2014289_aid0001,aid0001,2014-10-16,162.0,,,,,,,,,,,,,,,22651.0,8195.0,,,7638.0,
QC_Night_2014297_aid0001,aid0001,2014-10-24,3.0,,,,,,,,,,,,,,,11795.0,2711.0,,,24137.0,
QC_Night_2014305_aid0001,aid0001,2014-11-01,340.0,,,,,,,,,,,,,,,5465.0,2165.0,,,30676.0,
QC_Night_2014313_aid0001,aid0001,2014-11-09,7013.0,,,,,,,,,,,,,,,128.0,1143.0,,,30362.0,
QC_Night_2014321_aid0001,aid0001,2014-11-17,18568.0,,,,,,,,,,,,,,,317.0,3810.0,,,15951.0,
QC_Night_2014329_aid0001,aid0001,2014-11-25,16284.0,,,,,,,,,,,,,,,884.0,1962.0,,,19516.0,
QC_Night_2014337_aid0001,aid0001,2014-12-03,16587.0,,,,,,,,,,,,,,,91.0,337.0,,,21631.0,
QC_Night_2014345_aid0001,aid0001,2014-12-11,20767.0,,,,,,,,,,,,,,,1159.0,3372.0,,,13348.0,
QC_Night_2014353_aid0001,aid0001,2014-12-19,21076.0,,,,,,,,,,,,,,,3192.0,5643.0,,,8735.0,
QC_Night_2014361_aid0001,aid0001,2014-12-27,21910.0,,,,,,,,,,,,,,,,,,,16736.0,
QC_Night_2015001_aid0001,aid0001,2015-01-01,5598.0,,,,,,,,,,,,,,,7544.0,6743.0,,,18761.0,
QC_Night_2015009_aid0001,aid0001,2015-01-09,7521.0,,,,,,,,,,,,,,,4922.0,14386.0,,,11817.0,
QC_Night_2015017_aid0001,aid0001,2015-01-17,6807.0,,,,,,,,,,,,,,,,,,,31839.0,
QC_Night_2015025_aid0001,aid0001,2015-01-25,5110.0,,,,,,,,,,,,,,,5782.0,6979.0,,,20775.0,
QC_Night_2015033_aid0001,aid0001,2015-02-02,2204.0,,,,,,,,,,,,,,,6647.0,2092.0,,,27703.0,
QC_Night_2015041_aid0001,aid0001,2015-02-10,2946.0,,,,,,,,,,,,,,,3523.0,3702.0,,,28475.0,
QC_Night_2015049_aid0001,aid0001,2015-02-18,2297.0,,,,,,,,,,,,,,,974.0,2662.0,,,32713.0,
QC_Night_2015057_aid0001,aid0001,2015-02-26,9237.0,,,,,,,,,,,,,,,420.0,2269.0,,,26720.0,
QC_Night_2015065_aid0001,aid0001,2015-03-06,1549.0,,,,,,,,,,,,,,,131.0,456.0,,,36510.0,
QC_Night_2015073_aid0001,aid0001,2015-03-14,336.0,,,,,,,,,,,,,,,14056.0,7700.0,,,16554.0,
QC_Night_2015081_aid0001,aid0001,2015-03-22,257.0,,,,,,,,,,,,,,,1318.0,946.0,,,36125.0,
QC_Night_2015089_aid0001,aid0001,2015-03-30,269.0,,,,,,,,,,,,,,,8009.0,5274.0,,,25094.0,
QC_Night_2015097_aid0001,aid0001,2015-04-07,1009.0,,,,,,,,,,,,,,,1077.0,634.0,,,35926.0,
QC_Night_2015105_aid0001,aid0001,2015-04-15,766.0,,,,,,,,,,,,,,,3401.0,3197.0,,,31282.0,
QC_Night_2015113_aid0001,aid0001,2015-04-23,346.0,,,,,,,,,,,,,,,8225.0,2703.0,,,27372.0,
QC_Night_2015121_aid0001,aid0001,2015-05-01,13683.0,,,,,,,,,,,139.0,158.0,,,7355.0,14790.0,,15.0,2506.0,
QC_Night_2015129_aid0001,aid0001,2015-05-09,8561.0,,,,,,,,,,,,,,,912.0,1881.0,,,27292.0,
QC_Night_2015137_aid0001,aid0001,2015-05-17,4443.0,,,,,,,12.0,28.0,,,,,,,10988.0,6450.0,,,16725.0,
QC_Night_2015145_aid0001,aid0001,2015-05-25,1178.0,,,,,,,48.0,217.0,,,,9.0,,,11587.0,5703.0,,,19904.0,
QC_Night_2015153_aid0001,aid0001,2015-06-02,254.0,,,,,,,138.0,809.0,,,58.0,43.0,,,24584.0,10392.0,,22.0,2346.0,
QC_Night_2015161_aid0001,aid0001,2015-06-10,,,,,,,,,,,,982.0,,,,27123.0,1190.0,,,9351.0,
QC_Night_2015169_aid0001,aid0001,2015-06-18,,,,,,,,,2.0,,,,,,,36227.0,1175.0,,,1242.0,
QC_Night_2015177_aid0001,aid0001,2015-06-26,,,,,,,,7.0,,,,,,,,38554.0,80.0,,,5.0,
QC_Night_2015185_aid0001,aid0001,2015-07-04,245.0,,26.0,35.0,,4424.0,561.0,12242.0,4068.0,,,8649.0,766.0,,,5457.0,2166.0,,,7.0,
QC_Night_2015193_aid0001,aid0001,2015-07-12,3.0,,,,,,,553.0,42.0,,,1.0,,,,28980.0,6422.0,,,2645.0,
QC_Night_2015201_aid0001,aid0001,2015-07-20,,,,,,,,791.0,88.0,,,,,,,33704.0,2343.0,,,1720.0,
QC_Night_2015209_aid0001,aid0001,2015-07-28,,,,,,,,3.0,,,,,,,,6646.0,966.0,,,31031.0,
QC_Night_2015217_aid0001,aid0001,2015-08-05,1.0,,,,,,,292.0,1.0,,,110.0,1.0,,,28055.0,6238.0,,,3948.0,
QC_Night_2015225_aid0001,aid0001,2015-08-13,,,,,,,,3.0,4.0,,,7.0,2.0,,,34396.0,1738.0,,,2496.0,
QC_Night_2015233_aid0001,aid0001,2015-08-21,,,,,,,,38.0,,,,,,,,37398.0,1210.0,,,,
QC_Night_2015241_aid0001,aid0001,2015-08-29,15.0,,,,,,,153.0,118.0,,,153.0,25.0,,,26170.0,8631.0,,,3381.0,
QC_Night_2015249_aid0001,aid0001,2015-09-06,53.0,,,,,,,109.0,203.0,,,,,,,25515.0,3825.0,,,8941.0,
QC_Night_2015257_aid0001,aid0001,2015-09-14,109.0,,,,,,,,,,,1.0,,,,5198.0,393.0,,,32945.0,
QC_Night_2015265_aid0001,aid0001,2015-09-22,1.0,,,,,,,114.0,65.0,,,,,,,34778.0,3641.0,,,47.0,
QC_Night_2015273_aid0001,aid0001,2015-09-30,964.0,,,,,,,,,,,6.0,10.0,,,733.0,283.0,12.0,,36638.0,
QC_Night_2015281_aid0001,aid0001,2015-10-08,,,,,,,,,,,,,,,,18551.0,1810.0,,,18285.0,
QC_Night_2015289_aid0001,aid0001,2015-10-16,2312.0,,,,,,,,,,,214.0,269.0,,,12926.0,9867.0,3.0,5.0,13050.0,
QC_Night_2015297_aid0001,aid0001,2015-10-24,6143.0,,,,,,,,,,,,,,,11900.0,2390.0,,,18213.0,
QC_Night_2015305_aid0001,aid0001,2015-11-01,6081.0,,,,,,,,,,,,,,,6.0,347.0,,,32212.0,
QC_Night_2015313_aid0001,aid0001,2015-11-09,8350.0,,,,,,,,,,,,,,,1887.0,3286.0,,,25123.0,
QC_Night_2015321_aid0001,aid0001,2015-11-17,11907.0,,,,,,,,,,,,,,,183.0,933.0,,,25623.0,
QC_Night_2015329_aid0001,aid0001,2015-11-25,21632.0,,,,,,,,,,,,,,,79.0,1910.0,,,15025.0,
QC_Night_2015337_aid0001,aid0001,2015-12-03,20404.0,,,,,,,,,,,,,,,,,,,18242.0,
QC_Night_2015345_aid0001,aid0001,2015-12-11,19135.0,,,,,,,,,,,,,,,1608.0,6208.0,,,11695.0,
QC_Night_2015353_aid0001,aid0001,2015-12-19,17443.0,,,,,,,,,,,,,,,7.0,,,,21196.0,
QC_Night_2015361_aid0001,aid0001,2015-12-27,14138.0,,,,,,,,,,,,,,,2744.0,2020.0,,,19744.0,
QC_Night_2016001_aid0001,aid0001,2016-01-01,10940.0,,,,,,,,,,,,,,,209.0,123.0,,,27374.0,
QC_Night_2016009_aid0001,aid0001,2016-01-09,8948.0,,,,,,,,,,,,,,,1736.0,369.0,,,27593.0,
QC_Night_2016017_aid0001,aid0001,2016-01-17,9876.0,,,,,,,,,,,,,,,2500.0,1384.0,,,24886.0,
QC_Night_2016025_aid0001,aid0001,2016-01-25,6886.0,,,,,,,,,,,,,,,4123.0,3013.0,,,24624.0,
QC_Night_2016033_aid0001,aid0001,2016-02-02,4373.0,,,,,,,,,,,,,,,1031.0,708.0,,,32534.0,
QC_Night_2016041_aid0001,aid0001,2016-02-10,9516.0,,,,,,,,,,,,,,,1404.0,1593.0,,,26133.0,
QC_Night_2016049_aid0001,aid0001,2016-02-18,7312.0,,,,,,,,,,,,,,,765.0,84.0,,,30485.0,
QC_Night_2016057_aid0001,aid0001,2016-02-26,1775.0,,,,,,,,,,,,,,,2771.0,3080.0,,,31020.0,
QC_Night_2016065_aid0001,aid0001,2016-03-05,6804.0,,,,,,,,,,,,,,,,,,,31842.0,
QC_Night_2016073_aid0001,aid0001,2016-03-13,2564.0,,,,,,,,,,,,,,,105.0,354.0,,,35623.0,
QC_Night_2016081_aid0001,aid0001,2016-03-21,18059.0,,,,,,,,,,,,,,,114.0,160.0,,,20313.0,
QC_Night_2016089_aid0001,aid0001,2016-03-29,1544.0,,,,,,,,,,,,,,,9476.0,7352.0,,,20274.0,
QC_Night_2016097_aid0001,aid0001,2016-04-06,888.0,,,,,,,,,,,,,,,4832.0,3609.0,,,29317.0,
QC_Night_2016105_aid0001,aid0001,2016-04-14,2272.0,,,,,,,,,,,,,,,7421.0,4802.0,,,24151.0,
QC_Night_2016113_aid0001,aid0001,2016-04-22,30385.0,,,,,,,,,,,,,,,181.0,2735.0,,,5345.0,
QC_Night_2016121_aid0001,aid0001,2016-04-30,1212.0,,,,,,,,,,,,,,,10662.0,5150.0,,,21622.0,
QC_Night_2016129_aid0001,aid0001,2016-05-08,1492.0,,,,,,,,,,,,,,,15319.0,8915.0,,,12920.0,
QC_Night_2016137_aid0001,aid0001,2016-05-16,2475.0,,,,,,,,,,,,,,,13187.0,6604.0,,,16380.0,
QC_Night_2016145_aid0001,aid0001,2016-05-24,2382.0,,,,,,,7.0,289.0,,,,,,,8406.0,10756.0,,,16806.0,
QC_Night_2016153_aid0001,aid0001,2016-06-01,3.0,,,,,,2.0,181.0,134.0,,,20.0,4.0,,,34661.0,3616.0,,,25.0,
QC_Night_2016161_aid0001,aid0001,2016-06-09,449.0,,2.0,11.0,,,,10.0,77.0,,,1.0,13.0,,,23105.0,6939.0,2.0,11.0,8026.0,
QC_Night_2016169_aid0001,aid0001,2016-06-17,,,,,,,,,,,,,,,,34748.0,1049.0,,,2849.0,
QC_Night_2016177_aid0001,aid0001,2016-06-25,,,,,,3.0,,176.0,61.0,,,,,,,31595.0,3029.0,,,3782.0,
QC_Night_2016185_aid0001,aid0001,2016-07-03,,,,,,,,11.0,,,,,,,,37746.0,876.0,,,13.0,
QC_Night_2016193_aid0001,aid0001,2016-07-11,,,,,,,,40.0,17.0,,,,,,,35286.0,3036.0,,,267.0,
QC_Night_2016201_aid0001,aid0001,2016-07-19,,,,,,,,,,,,,,,,35881.0,1566.0,,,1199.0,
QC_Night_2016209_aid0001,aid0001,2016-07-27,,,,,,,,5.0,,,,,,,,38431.0,191.0,,,19.0,
QC_Night_2016217_aid0001,aid0001,2016-08-04,,,,,,,,4.0,3.0,,,,,,,36399.0,2038.0,,,202.0,
QC_Night_2016225_aid0001,aid0001,2016-08-12,,,,,,,,10.0,8.0,,,,,,,33007.0,3313.0,,,2308.0,
QC_Night_2016233_aid0001,aid0001,2016-08-20,1.0,,,,,,,,,,,,,,,4290.0,904.0,,,33451.0,
QC_Night_2016241_aid0001,aid0001,2016-08-28,1.0,,,,,,,1.0,1.0,,,,,,,29522.0,3858.0,,,5263.0,
QC_Night_2016249_aid0001,aid0001,2016-09-05,367.0,,,,,,,13.0,128.0,,,,,,,26480.0,4858.0,,,6800.0,
QC_Night_2016257_aid0001,aid0001,2016-09-13,7.0,,,,,,,362.0,43.0,,,,,,,32826.0,4531.0,,,877.0,
QC_Night_2016265_aid0001,aid0001,2016-09-21,,,,,,,,,,,,,,,,2880.0,243.0,,,35523.0,
QC_Night_2016273_aid0001,aid0001,2016-09-29,80.0,,,,,4.0,13.0,2123.0,358.0,,,206.0,273.0,,,17986.0,14499.0,38.0,47.0,3019.0,
QC_Night_2016281_aid0001,aid0001,2016-10-07,18.0,,,,,,,,,,,,,,,15247.0,3680.0,,,19701.0,
QC_Night_2016289_aid0001,aid0001,2016-10-15,257.0,,,,,,,,6.0,,,,,,,2564.0,2017.0,,,33802.0,
QC_Night_2016297_aid0001,aid0001,2016-10-23,3625.0,,,,,,,1865.0,2722.0,,,6.0,24.0,,,10501.0,7325.0,91.0,146.0,12341.0,
QC_Night_2016305_aid0001,aid0001,2016-10-31,183.0,,,,,,,16.0,106.0,,,,,,,25508.0,6131.0,,,6702.0,
QC_Night_2016313_aid0001,aid0001,2016-11-08,26.0,,,,,,,,,,,,,,,27116.0,4372.0,,,7132.0,
QC_Night_2016321_aid0001,aid0001,2016-11-16,12134.0,,,,,,,,,,,,,,,1997.0,8768.0,,,15747.0,
QC_Night_2016329_aid0001,aid0001,2016-11-24,22018.0,,,,,,,,,,,,,,,,89.0,,,16539.0,
QC_Night_2016337_aid0001,aid0001,2016-12-02,29061.0,,,,,,,,,,,,,,,252.0,1203.0,,,8130.0,
QC_Night_2016345_aid0001,aid0001,2016-12-10,36321.0,,,,,,,,,,,,,,,,787.0,,,1538.0,
QC_Night_2016353_aid0001,aid0001,2016-12-18,15833.0,,,,,,,,,,,,,,,3452.0,1041.0,,,18320.0,
QC_Night_2016361_aid0001,aid0001,2016-12-26,8013.0,,,,,,,,,,,,,,,507.0,2468.0,,,27658.0,
QC_Night_2017001_aid0001,aid0001,2017-01-01,9856.0,,,,,,,,,,,,,,,75.0,47.0,,,28668.0,
QC_Night_2017009_aid0001,aid0001,2017-01-09,17033.0,,,,,,,,,,,,,,,122.0,474.0,,,21017.0,
QC_Night_2017017_aid0001,aid0001,2017-01-17,8465.0,,,,,,,,,,,,,,,538.0,520.0,,,29123.0,
QC_Night_2017025_aid0001,aid0001,2017-01-25,8352.0,,,,,,,,,,,,,,,670.0,120.0,,,29504.0,
QC_Night_2017033_aid0001,aid0001,2017-02-02,20841.0,,,,,,,,,,,,,,,228.0,4028.0,,,13549.0,
QC_Night_2017041_aid0001,aid0001,2017-02-10,5233.0,,,,,,,,,,,,,,,6119.0,5194.0,,,22100.0,
QC_Night_2017049_aid0001,aid0001,2017-02-18,9580.0,,,,,,,,,,,,,,,3505.0,2172.0,,,23389.0,
QC_Night_2017057_aid0001,aid0001,2017-02-26,11828.0,,,,,,,,,,,,,,,527.0,2583.0,,,23708.0,
QC_Night_2017065_aid0001,aid0001,2017-03-06,6998.0,,,,,,,,,,,,,,,817.0,230.0,,,30601.0,
QC_Night_2017073_aid0001,aid0001,2017-03-14,4430.0,,,,,,,,,,,,,,,2916.0,6928.0,,,24372.0,
QC_Night_2017081_aid0001,aid0001,2017-03-22,5366.0,,,,,,,,,,,,,,,3235.0,7968.0,,,22077.0,
QC_Night_2017089_aid0001,aid0001,2017-03-30,4930.0,,,,,,,,,,,,,,,4554.0,9910.0,,,19252.0,
QC_Night_2017097_aid0001,aid0001,2017-04-07,1253.0,,,,,,,,,,,,,,,16285.0,10154.0,,,10954.0,
QC_Night_2017105_aid0001,aid0001,2017-04-15,2138.0,,,,,,,,,,,,,,,8.0,2.0,,,36498.0,
QC_Night_2017113_aid0001,aid0001,2017-04-23,14574.0,,,,,,,,390.0,,,,,,,1437.0,7601.0,,,14644.0,
QC_Night_2017121_aid0001,aid0001,2017-05-01,735.0,,,,,,,,,,,,,,,8233.0,3990.0,,,25688.0,
QC_Night_2017129_aid0001,aid0001,2017-05-09,491.0,,,,,,,,,,,,,,,14222.0,6154.0,,,17779.0,
QC_Night_2017137_aid0001,aid0001,2017-05-17,125.0,,,,,,,,,,,,,,,28821.0,9087.0,,,613.0,
QC_Night_2017145_aid0001,aid0001,2017-05-25,212.0,,,,,,,283.0,186.0,,,,,,,23790.0,6436.0,,,7739.0,
QC_Night_2017153_aid0001,aid0001,2017-06-02,36.0,,,,,,,6.0,123.0,,,8.0,16.0,,,28065.0,6584.0,,,3808.0,
QC_Night_2017161_aid0001,aid0001,2017-06-10,112.0,,,,,,,678.0,537.0,,,,,,,25199.0,9113.0,,,3007.0,
QC_Night_2017169_aid0001,aid0001,2017-06-18,,,,,,,,,,,,,,,,35264.0,566.0,,,2816.0,
QC_Night_2017177_aid0001,aid0001,2017-06-26,1.0,,,,,,,,,,,,,,,29565.0,807.0,,,8273.0,
QC_Night_2017185_aid0001,aid0001,2017-07-04,,,,,,,,1.0,,,,323.0,,,,35957.0,286.0,,,2079.0,
QC_Night_2017193_aid0001,aid0001,2017-07-12,,,36.0,6.0,,69.0,,6471.0,1021.0,,,7570.0,343.0,,,20370.0,2457.0,,,303.0,
QC_Night_2017201_aid0001,aid0001,2017-07-20,9.0,,,,,1079.0,,8335.0,1450.0,,,70.0,,,,24798.0,2388.0,,,517.0,
QC_Night_2017209_aid0001,aid0001,2017-07-28,,,,,,,,,,,,136.0,,,,38429.0,79.0,,,2.0,
QC_Night_2017217_aid0001,aid0001,2017-08-05,673.0,,33.0,13.0,,278.0,65.0,1293.0,1306.0,,,5404.0,1689.0,,,12537.0,5057.0,1639.0,659.0,8000.0,
QC_Night_2017225_aid0001,aid0001,2017-08-13,,,,,,,,3.0,6.0,,,16.0,17.0,,,31063.0,5371.0,18.0,15.0,2137.0,
QC_Night_2017233_aid0001,aid0001,2017-08-21,,,,,,,,4.0,,,,43.0,11.0,,,35634.0,2845.0,,,109.0,
QC_Night_2017241_aid0001,aid0001,2017-08-29,,,,,,,,,,,,,,,,38433.0,98.0,,,115.0,
QC_Night_2017249_aid0001,aid0001,2017-09-06,,,,,,,,,,,,24.0,,,,37809.0,811.0,,,2.0,
QC_Night_2017257_aid0001,aid0001,2017-09-14,127.0,,,,,,,1819.0,1511.0,,,,,,,20779.0,10306.0,,,4104.0,
QC_Night_2017265_aid0001,aid0001,2017-09-22,2795.0,,,,,,,3698.0,1227.0,,,,,,,16277.0,13429.0,,,1220.0,
QC_Night_2017273_aid0001,aid0001,2017-09-30,92.0,,,,,,,818.0,384.0,,,,,,,19230.0,11882.0,,,6240.0,
QC_Night_2017281_aid0001,aid0001,2017-10-08,69.0,,,,,,,,,,,,,,,2064.0,223.0,,,36290.0,
QC_Night_2017289_aid0001,aid0001,2017-10-16,301.0,,,,,,,11.0,5.0,,,,,,,6120.0,4595.0,,,27614.0,
QC_Night_2017297_aid0001,aid0001,2017-10-24,51.0,,,,,,,,,,,,,,,2160.0,1079.0,,,35356.0,
QC_Night_2017305_aid0001,aid0001,2017-11-01,6970.0,,,,,,,,,,,,,,,518.0,2102.0,,,29056.0,
QC_Night_2017313_aid0001,aid0001,2017-11-09,5168.0,,,,,,,,,,,,,,,2225.0,861.0,,,30392.0,
QC_Night_2017321_aid0001,aid0001,2017-11-17,22960.0,,,,,,,,,,,,,,,441.0,2944.0,,,12301.0,
QC_Night_2017329_aid0001,aid0001,2017-11-25,1968.0,,,,,,,,,,,,,,,3610.0,2879.0,,,30189.0,
QC_Night_2017337_aid0001,aid0001,2017-12-03,6239.0,,,,,,,,,,,,,,,926.0,9745.0,,,21736.0,
QC_Night_2017345_aid0001,aid0001,2017-12-11,10205.0,,,,,,,,,,,,,,,1035.0,4061.0,,,23345.0,
QC_Night_2017353_aid0001,aid0001,2017-12-19,25263.0,,,,,,,,,,,,,,,,,,,13383.0,
QC_Night_2017361_aid0001,aid0001,2017-12-27,14686.0,,,,,,,,,,,,,,,,,,,23960.0,
QC_Night_2018001_aid0001,aid0001,2018-01-01,14029.0,,,,,,,,,,,,,,,280.0,1553.0,,,22784.0,
QC_Night_2018009_aid0001,aid0001,2018-01-09,7975.0,,,,,,,,,,,,,,,252.0,989.0,,,29430.0,
QC_Night_2018017_aid0001,aid0001,2018-01-17,12246.0,,,,,,,,,,,,,,,4967.0,7099.0,,,14334.0,
QC_Night_2018025_aid0001,aid0001,2018-01-25,10443.0,,,,,,,,,,,,,,,1.0,349.0,,,27853.0,
QC_Night_2018033_aid0001,aid0001,2018-02-02,8828.0,,,,,,,,,,,,,,,1668.0,4270.0,,,23880.0,
QC_Night_2018041_aid0001,aid0001,2018-02-10,3561.0,,,,,,,,,,,,,,,2016.0,4739.0,,,28330.0,
QC_Night_2018049_aid0001,aid0001,2018-02-18,15020.0,,,,,,,,,,,,,,,37.0,22.0,,,23567.0,
QC_Night_2018057_aid0001,aid0001,2018-02-26,17987.0,,,,,,,,,,,,,,,8.0,213.0,,,20438.0,
QC_Night_2018065_aid0001,aid0001,2018-03-06,1980.0,,,,,,,,,,,,,,,7557.0,9556.0,,,19553.0,
QC_Night_2018073_aid0001,aid0001,2018-03-14,24669.0,,,,,,,,,,,,,,,63.0,626.0,,,13288.0,
QC_Night_2018081_aid0001,aid0001,2018-03-22,2446.0,,,,,,,,,,,,,,,115.0,74.0,,,36011.0,
QC_Night_2018089_aid0001,aid0001,2018-03-30,2694.0,,,,,,,,,,,,,,,1817.0,1085.0,,,33050.0,
QC_Night_2018097_aid0001,aid0001,2018-04-07,6252.0,,,,,,,,,,,,,,,1773.0,4619.0,,,26002.0,
QC_Night_2018105_aid0001,aid0001,2018-04-15,474.0,,,,,,,,,,,,,,,17073.0,4763.0,,,16336.0,
QC_Night_2018113_aid0001,aid0001,2018-04-23,297.0,,,,,,,,,,,,,,,218.0,309.0,,,37822.0,
QC_Night_2018121_aid0001,aid0001,2018-05-01,1008.0,,,,,,,,14.0,,,,,,,515.0,134.0,,,36975.0,
QC_Night_2018129_aid0001,aid0001,2018-05-09,1906.0,,,,,,,,,,,109.0,141.0,,,6783.0,5719.0,204.0,281.0,23503.0,
QC_Night_2018137_aid0001,aid0001,2018-05-17,2096.0,,,,,,,12.0,90.0,,,,,,,5812.0,6161.0,,,24475.0,
QC_Night_2018145_aid0001,aid0001,2018-05-25,57.0,,,,,,,3953.0,293.0,,,,,,,27643.0,6421.0,,,279.0,
QC_Night_2018153_aid0001,aid0001,2018-06-02,,,,,,,,20.0,3.0,,,,,,,23944.0,2385.0,,,12294.0,
QC_Night_2018161_aid0001,aid0001,2018-06-10,10.0,,,,,,,,,,,,,,,20601.0,2799.0,1.0,,15235.0,
QC_Night_2018169_aid0001,aid0001,2018-06-18,32.0,,,,,,,,3.0,,,,,,,21051.0,4023.0,,,13537.0,
QC_Night_2018177_aid0001,aid0001,2018-06-26,4.0,,,,,,,1.0,2.0,,,,,,,31345.0,2831.0,,,4463.0,
QC_Night_2018185_aid0001,aid0001,2018-07-04,,,,,,,,491.0,88.0,,,907.0,20.0,,,33341.0,3379.0,,,420.0,
QC_Night_2018193_aid0001,aid0001,2018-07-12,349.0,,,,,,,525.0,46.0,,,326.0,10.0,,,28942.0,1544.0,8.0,,6896.0,
QC_Night_2018201_aid0001,aid0001,2018-07-20,,,21.0,2.0,,2.0,,9004.0,1646.0,,,6688.0,541.0,,,17319.0,3268.0,118.0,6.0,31.0,
QC_Night_2018209_aid0001,aid0001,2018-07-28,,,,,,,,40.0,11.0,,,,,,,36460.0,1796.0,,,339.0,
QC_Night_2018217_aid0001,aid0001,2018-08-05,,,,,,,,,,,,,,,,15684.0,407.0,,,22555.0,
QC_Night_2018225_aid0001,aid0001,2018-08-13,,,,,,,,578.0,50.0,,,,,,,36315.0,1703.0,,,,
QC_Night_2018233_aid0001,aid0001,2018-08-21,,,,1.0,,,,,2.0,,,4.0,,,,27616.0,1519.0,,,9504.0,
QC_Night_2018241_aid0001,aid0001,2018-08-29,,,,,,,,49.0,29.0,,,,,,,30923.0,4105.0,,,3540.0,
QC_Night_2018249_aid0001,aid0001,2018-09-06,2.0,,,,,,,3.0,,,,,,,,13337.0,1891.0,,,23413.0,
QC_Night_2018257_aid0001,aid0001,2018-09-14,,,,,,,,4.0,4.0,,,,,,,14527.0,2123.0,,,21988.0,
QC_Night_2018265_aid0001,aid0001,2018-09-22,19.0,,,,,,,5.0,8.0,,,,,,,1315.0,1057.0,,,36242.0,
QC_Night_2018273_aid0001,aid0001,2018-09-30,3703.0,,,,,,3.0,,54.0,,,2937.0,1222.0,,,4620.0,3629.0,,,22478.0,
QC_Night_2018281_aid0001,aid0001,2018-10-08,4425.0,,,,,,,37.0,2808.0,,,,,,,3497.0,11525.0,,,16354.0,
QC_Night_2018289_aid0001,aid0001,2018-10-16,794.0,,,,,,,,,,,,,,,7545.0,3340.0,,,26967.0,
QC_Night_2018297_aid0001,aid0001,2018-10-24,829.0,,,,,,,,,,,,,,,3708.0,3475.0,,,30634.0,
QC_Night_2018305_aid0001,aid0001,2018-11-01,6904.0,,,,,,,,,,,,,,,2396.0,5481.0,,,23865.0,
QC_Night_2018313_aid0001,aid0001,2018-11-09,3914.0,,,,,,,,,,,,,,,319.0,1999.0,,,32414.0,
QC_Night_2018321_aid0001,aid0001,2018-11-17,4564.0,,,,,,,,,,,,,,,174.0,1237.0,,,32671.0,
QC_Night_2018329_aid0001,aid0001,2018-11-25,18153.0,,,,,,,,,,,,,,,1805.0,7210.0,,,11478.0,
QC_Night_2018337_aid0001,aid0001,2018-12-03,19574.0,,,,,,,,,,,,,,,3.0,386.0,,,18683.0,
QC_Night_2018345_aid0001,aid0001,2018-12-11,12709.0,,,,,,,,,,,,,,,368.0,2047.0,,,23522.0,
QC_Night_2018353_aid0001,aid0001,2018-12-19,26846.0,,,,,,,,,,,,,,,848.0,1404.0,,,9548.0,
QC_Night_2018361_aid0001,aid0001,2018-12-27,16421.0,,,,,,,,,,,,,,,,,,,22225.0,
QC_Night_2019001_aid0001,aid0001,2019-01-01,8286.0,,,,,,,,,,,,,,,299.0,424.0,,,29637.0,
QC_Night_2019009_aid0001,aid0001,2019-01-09,16459.0,,,,,,,,,,,,,,,797.0,689.0,,,20701.0,
QC_Night_2019017_aid0001,aid0001,2019-01-17,9241.0,,,,,,,,,,,,,,,375.0,90.0,,,28940.0,
QC_Night_2019025_aid0001,aid0001,2019-01-25,8052.0,,,,,,,,,,,,,,,,,,,30594.0,
QC_Night_2019033_aid0001,aid0001,2019-02-02,10476.0,,,,,,,,,,,,,,,385.0,2223.0,,,25562.0,
QC_Night_2019041_aid0001,aid0001,2019-02-10,10222.0,,,,,,,,,,,,,,,1552.0,1869.0,,,25003.0,
QC_Night_2019049_aid0001,aid0001,2019-02-18,11451.0,,,,,,,,,,,,,,,,11.0,,,27184.0,
QC_Night_2019057_aid0001,aid0001,2019-02-26,21161.0,,,,,,,,,,,,,,,98.0,,,,17387.0,
QC_Night_2019065_aid0001,aid0001,2019-03-06,16219.0,,,,,,,,,,,,,,,1086.0,3167.0,,,18174.0,
QC_Night_2019073_aid0001,aid0001,2019-03-14,3795.0,,,,,,,,,,,,,,,1120.0,2079.0,,,31652.0,
QC_Night_2019081_aid0001,aid0001,2019-03-22,12825.0,,,,,,,,,,,,,,,2926.0,11566.0,,,11329.0,
QC_Night_2019089_aid0001,aid0001,2019-03-30,10078.0,,,,,,,,,,,,,,,352.0,1441.0,,,26775.0,
QC_Night_2019097_aid0001,aid0001,2019-04-07,6084.0,,,,,,,,,,,,,,,2063.0,3285.0,,,27214.0,
QC_Night_2019105_aid0001,aid0001,2019-04-15,781.0,,,,,,,,,,,,,,,16874.0,15542.0,,,5449.0,
QC_Night_2019113_aid0001,aid0001,2019-04-23,1794.0,,,,,,,,,,,,,,,3567.0,5874.0,,,27411.0,
QC_Night_2019121_aid0001,aid0001,2019-05-01,774.0,,,,,,,,,,,,,,,12880.0,13719.0,,,11273.0,
QC_Night_2019129_aid0001,aid0001,2019-05-09,1739.0,,,,,,,,,,,1.0,,,,8067.0,6620.0,,,22219.0,
QC_Night_2019137_aid0001,aid0001,2019-05-17,26371.0,,,,,,,17.0,1756.0,,,,,,,809.0,4472.0,,,5221.0,
QC_Night_2019145_aid0001,aid0001,2019-05-25,8606.0,,,,,,,207.0,155.0,,,213.0,896.0,,,9927.0,14252.0,,,4390.0,
QC_Night_2019153_aid0001,aid0001,2019-06-02,231.0,,,,,,,848.0,800.0,,,20.0,17.0,,,23251.0,10051.0,,,3428.0,
QC_Night_2019161_aid0001,aid0001,2019-06-10,433.0,,,,,,,,,,,593.0,121.0,,,20097.0,7551.0,,,9851.0,
QC_Night_2019169_aid0001,aid0001,2019-06-18,436.0,,,,,,,172.0,125.0,,,,,,,20163.0,9122.0,,,8628.0,
QC_Night_2019177_aid0001,aid0001,2019-06-26,,,,,,,,49.0,,,,,,,,22166.0,1466.0,,,14965.0,
QC_Night_2019185_aid0001,aid0001,2019-07-04,4.0,,,,,,,2.0,,,,,,,,23709.0,3855.0,,,11076.0,
QC_Night_2019193_aid0001,aid0001,2019-07-12,,,,,,,,1057.0,1.0,,,,,,,33196.0,2247.0,,,2145.0,
QC_Night_2019201_aid0001,aid0001,2019-07-20,,,,,,,,65.0,,,,,,,,37650.0,697.0,,,234.0,
QC_Night_2019209_aid0001,aid0001,2019-07-28,,,,,,,,70.0,,,,1219.0,,,,36201.0,130.0,,,1026.0,
QC_Night_2019217_aid0001,aid0001,2019-08-05,,,,,,,,1903.0,167.0,,,,,,,30484.0,5622.0,,,470.0,
QC_Night_2019225_aid0001,aid0001,2019-08-13,7.0,,,,,,,,2.0,,,,,,,28674.0,2102.0,,,7861.0,
QC_Night_2019233_aid0001,aid0001,2019-08-21,1.0,,,,,,,,,,,,,,,19353.0,1304.0,,,17988.0,
QC_Night_2019241_aid0001,aid0001,2019-08-29,,,,,,,,57.0,,,,,,,,37968.0,614.0,,,7.0,
QC_Night_2019249_aid0001,aid0001,2019-09-06,18.0,,,,,,,28.0,29.0,,,11.0,,,,25088.0,5818.0,11.0,,7643.0,
QC_Night_2019257_aid0001,aid0001,2019-09-14,89.0,,,,,,,,,,,,,,,9852.0,1615.0,,,27090.0,
QC_Night_2019265_aid0001,aid0001,2019-09-22,13.0,,,,,,,643.0,68.0,,,,,,,33473.0,4404.0,,,45.0,
QC_Night_2019273_aid0001,aid0001,2019-09-30,252.0,,,,,,,,8.0,,,,,,,8823.0,2204.0,,,27359.0,
QC_Night_2019281_aid0001,aid0001,2019-10-08,98.0,,,,,,,,,,,,,,,198.0,446.0,,,37904.0,
QC_Night_2019289_aid0001,aid0001,2019-10-16,10434.0,,,,,,,,,,,,,,,7963.0,15707.0,,,4542.0,
QC_Night_2019297_aid0001,aid0001,2019-10-24,344.0,,,,,,,,,,,,,,,5916.0,6628.0,,,25758.0,
QC_Night_2019305_aid0001,aid0001,2019-11-01,3195.0,,,,,,,,,,,,,,,23.0,157.0,,,35271.0,
QC_Night_2019313_aid0001,aid0001,2019-11-09,2103.0,,,,,,,,,,,,,,,2069.0,4149.0,,,30325.0,
QC_Night_2019321_aid0001,aid0001,2019-11-17,1902.0,,,,,,,,,,,,,,,5990.0,7521.0,,,23233.0,
QC_Night_2019329_aid0001,aid0001,2019-11-25,21044.0,,,,,,,,,,,,,,,204.0,192.0,,,17206.0,
QC_Night_2019337_aid0001,aid0001,2019-12-03,13309.0,,,,,,,,,,,,,,,4307.0,2753.0,,,18277.0,
QC_Night_2019345_aid0001,aid0001,2019-12-11,15588.0,,,,,,,,,,,,,,,282.0,831.0,,,21945.0,
QC_Night_2019353_aid0001,aid0001,2019-12-19,14537.0,,,,,,,,,,,,,,,1206.0,5467.0,,,17436.0,
QC_Night_2019361_aid0001,aid0001,2019-12-27,16019.0,,,,,,,,,,,,,,,784.0,1235.0,,,20608.0,
QC_Night_2020001_aid0001,aid0001,2020-01-01,10982.0,,,,,,,,,,,,,,,342.0,679.0,,,26643.0,
