File,aid,Date,2,48,49,96,97,112,113,144,145,160,161,176,177,224,225,240
QC_Day_2004361_aid0001,aid0001,2004-12-26,28819.0,,,,,,,,,,,610.0,5795.0,,,3422.0
QC_Day_2005001_aid0001,aid0001,2005-01-01,23315.0,,,,,,,,,,,528.0,4761.0,,,10042.0
QC_Day_2005009_aid0001,aid0001,2005-01-09,3544.0,,,,,,,,,,,3327.0,7518.0,,,24257.0
QC_Day_2005017_aid0001,aid0001,2005-01-17,4298.0,,,,,,,,,,,3515.0,7260.0,,,23573.0
QC_Day_2005025_aid0001,aid0001,2005-01-25,11554.0,,,,,,,,,,,1736.0,2800.0,,,22556.0
QC_Day_2005033_aid0001,aid0001,2005-02-02,2664.0,,,,,,,,,,,228.0,586.0,,,35168.0
QC_Day_2005041_aid0001,aid0001,2005-02-10,5462.0,,,,,,,,,,,317.0,434.0,,,32433.0
QC_Day_2005049_aid0001,aid0001,2005-02-18,4299.0,,,,,,,,,,,2959.0,5631.0,,,25757.0
QC_Day_2005057_aid0001,aid0001,2005-02-26,5785.0,,,,,,,,,,,309.0,2086.0,,,30466.0
QC_Day_2005065_aid0001,aid0001,2005-03-06,4801.0,,,,,,,,,,,2927.0,4582.0,,,26336.0
QC_Day_2005073_aid0001,aid0001,2005-03-14,12037.0,,,,,,,,,,,571.0,2143.0,,,23895.0
QC_Day_2005081_aid0001,aid0001,2005-03-22,12647.0,,,,,,,,,,,2035.0,4850.0,,,19114.0
QC_Day_2005089_aid0001,aid0001,2005-03-30,4417.0,,,,,,,,,,,441.0,918.0,,,32870.0
QC_Day_2005097_aid0001,aid0001,2005-04-07,5275.0,,,,,,,,,,,5939.0,8541.0,,,18891.0
QC_Day_2005105_aid0001,aid0001,2005-04-15,2791.0,,,,,,,,,,,313.0,388.0,,,35154.0
QC_Day_2005113_aid0001,aid0001,2005-04-23,11698.0,,,,,,,,,,,1306.0,8030.0,,,17612.0
QC_Day_2005121_aid0001,aid0001,2005-05-01,16896.0,,,,,,,,,,,1737.0,6147.0,,,13866.0
QC_Day_2005129_aid0001,aid0001,2005-05-09,4540.0,,,,,,,,,,,3497.0,2955.0,,,27654.0
QC_Day_2005137_aid0001,aid0001,2005-05-17,260.0,,,,,8.0,60.0,,,,,27909.0,7908.0,,,2501.0
QC_Day_2005145_aid0001,aid0001,2005-05-25,588.0,,,,,,2.0,,,,,6644.0,1180.0,,,30232.0
QC_Day_2005153_aid0001,aid0001,2005-06-02,3763.0,,,,,,157.0,,,,,1733.0,4223.0,,,28770.0
QC_Day_2005161_aid0001,aid0001,2005-06-10,310.0,,,,,253.0,220.0,,,,,23323.0,9926.0,,,4614.0
QC_Day_2005169_aid0001,aid0001,2005-06-18,401.0,,,,,,,,,,1.0,7640.0,2351.0,246.0,98.0,27909.0
QC_Day_2005177_aid0001,aid0001,2005-06-26,15.0,,,,,11.0,10.0,,,,,35805.0,1611.0,,,1194.0
QC_Day_2005185_aid0001,aid0001,2005-07-04,,,,,,5.0,,,,,,26011.0,522.0,,,12108.0
QC_Day_2005193_aid0001,aid0001,2005-07-12,,,,,,1.0,,,,,,38352.0,293.0,,,
QC_Day_2005201_aid0001,aid0001,2005-07-20,,,,,,16.0,,,,,,36746.0,1221.0,,,663.0
QC_Day_2005209_aid0001,aid0001,2005-07-28,3.0,,,41.0,12.0,772.0,569.0,,,149.0,18.0,23457.0,9782.0,,,3843.0
QC_Day_2005217_aid0001,aid0001,2005-08-05,1747.0,58.0,130.0,,19.0,1976.0,3890.0,,,,61.0,16800.0,12680.0,,,1285.0
QC_Day_2005225_aid0001,aid0001,2005-08-13,61.0,,,,,268.0,317.0,,,2450.0,64.0,18665.0,12242.0,8.0,,4571.0
QC_Day_2005233_aid0001,aid0001,2005-08-21,9.0,,,,,17.0,60.0,,,,,23687.0,10584.0,,,4289.0
QC_Day_2005241_aid0001,aid0001,2005-08-29,,,,,,,,,,,,19612.0,322.0,,,18712.0
QC_Day_2005249_aid0001,aid0001,2005-09-06,64.0,,,,,21.0,85.0,,,,,15649.0,10669.0,,,12158.0
QC_Day_2005257_aid0001,aid0001,2005-09-14,,,,,,,,,,,,24507.0,1822.0,,,12317.0
QC_Day_2005265_aid0001,aid0001,2005-09-22,,,,,,,,,,,,12529.0,222.0,,,25895.0
QC_Day_2005273_aid0001,aid0001,2005-09-30,,,,,,,,,,,,366.0,1.0,,,38279.0
QC_Day_2005281_aid0001,aid0001,2005-10-08,9.0,,,,,,,,,,,20470.0,4004.0,,,14163.0
QC_Day_2005289_aid0001,aid0001,2005-10-16,38.0,,,,,,,,,,3.0,32444.0,5766.0,,,395.0
QC_Day_2005297_aid0001,aid0001,2005-10-24,139.0,,,,,,,,,,,2658.0,1585.0,,,34264.0
QC_Day_2005305_aid0001,aid0001,2005-11-01,22384.0,,,,,,,,,,,1050.0,4319.0,,,10893.0
QC_Day_2005313_aid0001,aid0001,2005-11-09,4360.0,,,,,,,,,,,1267.0,3168.0,,,29851.0
QC_Day_2005321_aid0001,aid0001,2005-11-17,1912.0,,,,,,,,,,,1004.0,2866.0,,,32864.0
QC_Day_2005329_aid0001,aid0001,2005-11-25,19711.0,,,,,,,,,,,,,,,18935.0
QC_Day_2005337_aid0001,aid0001,2005-12-03,7407.0,,,,,,,,,,,28.0,557.0,,,30654.0
QC_Day_2005345_aid0001,aid0001,2005-12-11,7784.0,,,,,,,,,,,20.0,2189.0,,,28653.0
QC_Day_2005353_aid0001,aid0001,2005-12-19,4740.0,,,,,,,,,,,4790.0,13221.0,,,15895.0
QC_Day_2005361_aid0001,aid0001,2005-12-27,26412.0,,,,,,,,,,,,,,,12234.0
QC_Day_2006001_aid0001,aid0001,2006-01-01,3216.0,,,,,,,,,,,81.0,108.0,,,35241.0
QC_Day_2006009_aid0001,aid0001,2006-01-09,5823.0,,,,,,,,,,,1253.0,5070.0,,,26500.0
QC_Day_2006017_aid0001,aid0001,2006-01-17,4206.0,,,,,,,,,,,123.0,76.0,,,34241.0
QC_Day_2006025_aid0001,aid0001,2006-01-25,9609.0,,,,,,,,,,,1922.0,6234.0,,,20881.0
QC_Day_2006033_aid0001,aid0001,2006-02-02,5355.0,,,,,,,,,,,,76.0,,,33215.0
QC_Day_2006041_aid0001,aid0001,2006-02-10,2746.0,,,,,,,,,,,519.0,2852.0,,,32529.0
QC_Day_2006049_aid0001,aid0001,2006-02-18,3738.0,,,,,,,,,,,499.0,1504.0,,,32905.0
QC_Day_2006057_aid0001,aid0001,2006-02-26,5351.0,,,,,,,,,,,8.0,89.0,,,33198.0
QC_Day_2006065_aid0001,aid0001,2006-03-06,21717.0,,,,,,,,,,,,,,,16929.0
QC_Day_2006073_aid0001,aid0001,2006-03-14,16014.0,,,,,,,,,,,846.0,7669.0,,,14117.0
QC_Day_2006081_aid0001,aid0001,2006-03-22,17506.0,,,,,,,,,,,625.0,4734.0,,,15781.0
QC_Day_2006089_aid0001,aid0001,2006-03-30,7670.0,,,,,,,,,,,690.0,1022.0,,,29264.0
QC_Day_2006097_aid0001,aid0001,2006-04-07,794.0,,,,,,,,,,,4681.0,3722.0,,,29449.0
QC_Day_2006105_aid0001,aid0001,2006-04-15,2000.0,,,,,,,,,,,1512.0,3865.0,,,31269.0
QC_Day_2006113_aid0001,aid0001,2006-04-23,1209.0,,,,,,,,,,,687.0,1376.0,,,35374.0
QC_Day_2006121_aid0001,aid0001,2006-05-01,1618.0,,,,,,,,,,,12600.0,10139.0,,,14289.0
QC_Day_2006129_aid0001,aid0001,2006-05-09,134.0,,,,,,,,,,,3327.0,2150.0,,,33035.0
QC_Day_2006137_aid0001,aid0001,2006-05-17,379.0,,,2.0,7.0,516.0,181.0,,,5.0,8.0,17027.0,14174.0,,,6347.0
QC_Day_2006145_aid0001,aid0001,2006-05-25,95.0,,,,,,9.0,,,,,5794.0,1939.0,,,30809.0
QC_Day_2006153_aid0001,aid0001,2006-06-02,234.0,,,,,249.0,51.0,,,1267.0,39.0,21306.0,6969.0,70.0,86.0,8375.0
QC_Day_2006161_aid0001,aid0001,2006-06-10,20.0,,,,,,,,,,,22938.0,2629.0,,,13059.0
QC_Day_2006169_aid0001,aid0001,2006-06-18,,,,,,,,,,,,35024.0,117.0,,,3505.0
QC_Day_2006177_aid0001,aid0001,2006-06-26,180.0,36.0,107.0,153.0,185.0,506.0,700.0,,,531.0,649.0,24604.0,7837.0,511.0,516.0,2131.0
QC_Day_2006185_aid0001,aid0001,2006-07-04,970.0,2.0,6.0,123.0,57.0,4848.0,2622.0,,,1395.0,1032.0,14273.0,10955.0,,,2363.0
QC_Day_2006193_aid0001,aid0001,2006-07-12,,,,,,1.0,,,,127.0,13.0,35783.0,2663.0,,,59.0
QC_Day_2006201_aid0001,aid0001,2006-07-20,2.0,7.0,3.0,,,22367.0,3908.0,,,,,8383.0,3975.0,,,1.0
QC_Day_2006209_aid0001,aid0001,2006-07-28,184.0,,57.0,13.0,5.0,194.0,361.0,,,5134.0,2123.0,20017.0,7410.0,578.0,124.0,2446.0
QC_Day_2006217_aid0001,aid0001,2006-08-05,8.0,,,,,2.0,70.0,,,,,25362.0,7192.0,,,6012.0
QC_Day_2006225_aid0001,aid0001,2006-08-13,71.0,,,,,1.0,25.0,,,,,20811.0,4983.0,,,12755.0
QC_Day_2006233_aid0001,aid0001,2006-08-21,4.0,,,,9.0,61.0,20.0,,,21.0,7.0,28040.0,7621.0,,,2863.0
QC_Day_2006241_aid0001,aid0001,2006-08-29,,,,,,,,,,,,852.0,,,,37794.0
QC_Day_2006249_aid0001,aid0001,2006-09-06,,,,,,,,,,,,34583.0,3201.0,,,862.0
QC_Day_2006257_aid0001,aid0001,2006-09-14,1112.0,,,,,,14.0,,,,,833.0,720.0,7.0,34.0,35926.0
QC_Day_2006265_aid0001,aid0001,2006-09-22,,,,,,,,,,,,1004.0,144.0,,,37498.0
QC_Day_2006273_aid0001,aid0001,2006-09-30,23.0,,,,,,,,,,,19629.0,1988.0,,,17006.0
QC_Day_2006281_aid0001,aid0001,2006-10-08,110.0,,,,,,,,,,,16468.0,5064.0,,,17004.0
QC_Day_2006289_aid0001,aid0001,2006-10-16,888.0,,,,,,,,,,,1420.0,659.0,,,35679.0
QC_Day_2006297_aid0001,aid0001,2006-10-24,582.0,,,,,,,,,,,6156.0,6065.0,,,25843.0
QC_Day_2006305_aid0001,aid0001,2006-11-01,1083.0,,,,,,,,,,3.0,3246.0,2892.0,,,31422.0
QC_Day_2006313_aid0001,aid0001,2006-11-09,2519.0,,,,,,,,,,,288.0,184.0,,,35655.0
QC_Day_2006321_aid0001,aid0001,2006-11-17,4145.0,,,,,,,,,,,1812.0,3876.0,,,28813.0
QC_Day_2006329_aid0001,aid0001,2006-11-25,3988.0,,,,,,,,,,,4327.0,5142.0,,,25189.0
QC_Day_2006337_aid0001,aid0001,2006-12-03,3346.0,,,,,,,,,,,1294.0,5840.0,,,28166.0
QC_Day_2006345_aid0001,aid0001,2006-12-11,17412.0,,,,,,,,,,,1901.0,7659.0,,,11674.0
QC_Day_2006353_aid0001,aid0001,2006-12-19,4634.0,,,,,,,,,,,668.0,1942.0,,,31402.0
QC_Day_2006361_aid0001,aid0001,2006-12-27,20335.0,,,,,,,,,,,,,,,18311.0
QC_Day_2007001_aid0001,aid0001,2007-01-01,11957.0,,,,,,,,,,,1110.0,1302.0,,,24277.0
QC_Day_2007009_aid0001,aid0001,2007-01-09,5295.0,,,,,,,,,,,,,,,33351.0
QC_Day_2007017_aid0001,aid0001,2007-01-17,6479.0,,,,,,,,,,,42.0,798.0,,,31327.0
QC_Day_2007025_aid0001,aid0001,2007-01-25,10124.0,,,,,,,,,,,536.0,4967.0,,,23019.0
QC_Day_2007033_aid0001,aid0001,2007-02-02,13957.0,,,,,,,,,,,112.0,400.0,,,24177.0
QC_Day_2007041_aid0001,aid0001,2007-02-10,11203.0,,,,,,,,,,,159.0,412.0,,,26872.0
QC_Day_2007049_aid0001,aid0001,2007-02-18,7569.0,,,,,,,,,,,1414.0,6575.0,,,23088.0
QC_Day_2007057_aid0001,aid0001,2007-02-26,6131.0,,,,,,,,,,,,6.0,,,32509.0
QC_Day_2007065_aid0001,aid0001,2007-03-06,5026.0,,,,,,,,,,,3364.0,5335.0,,,24921.0
QC_Day_2007073_aid0001,aid0001,2007-03-14,2236.0,,,,,,,,,,,3925.0,5465.0,,,27020.0
QC_Day_2007081_aid0001,aid0001,2007-03-22,3709.0,,,,,,,,,,,7530.0,9794.0,,,17613.0
QC_Day_2007089_aid0001,aid0001,2007-03-30,1885.0,,,,,,,,,,,7131.0,7947.0,,,21683.0
QC_Day_2007097_aid0001,aid0001,2007-04-07,2613.0,,,,,,,,,,,4466.0,3361.0,,,28206.0
QC_Day_2007105_aid0001,aid0001,2007-04-15,4100.0,,,,,,,,,,,738.0,1923.0,,,31885.0
QC_Day_2007113_aid0001,aid0001,2007-04-23,214.0,,,,,,,,,,,18304.0,7150.0,,,12978.0
QC_Day_2007121_aid0001,aid0001,2007-05-01,583.0,,,,,4.0,19.0,,,,,11496.0,2877.0,,,23667.0
QC_Day_2007129_aid0001,aid0001,2007-05-09,166.0,,,,,,,,,,,8513.0,3619.0,,,26348.0
QC_Day_2007137_aid0001,aid0001,2007-05-17,695.0,,,,,,,,,,,5909.0,5868.0,,,26174.0
QC_Day_2007145_aid0001,aid0001,2007-05-25,4.0,,,,,,2.0,,,,,26505.0,1164.0,,,10971.0
QC_Day_2007153_aid0001,aid0001,2007-06-02,403.0,,,,,,9.0,,,,,13857.0,3177.0,,,21200.0
QC_Day_2007161_aid0001,aid0001,2007-06-10,,,,,,,,,,,,33019.0,2102.0,,,3525.0
QC_Day_2007169_aid0001,aid0001,2007-06-18,,,,,,,,,,,,32405.0,37.0,,,6204.0
QC_Day_2007177_aid0001,aid0001,2007-06-26,,,,,,,,,,,,27211.0,54.0,,,11381.0
QC_Day_2007185_aid0001,aid0001,2007-07-04,7.0,,,,,,3.0,,,,,33401.0,3702.0,,,1533.0
QC_Day_2007193_aid0001,aid0001,2007-07-12,352.0,,,,,173.0,884.0,,,8.0,,28187.0,8020.0,,,1022.0
QC_Day_2007201_aid0001,aid0001,2007-07-20,46.0,28.0,51.0,194.0,249.0,5538.0,2583.0,,,725.0,730.0,17822.0,9524.0,18.0,14.0,1124.0
QC_Day_2007209_aid0001,aid0001,2007-07-28,606.0,372.0,736.0,16.0,50.0,9057.0,5140.0,,,1432.0,747.0,12496.0,7631.0,13.0,12.0,338.0
QC_Day_2007217_aid0001,aid0001,2007-08-05,,,,,,4.0,,,,,,33627.0,5008.0,,,7.0
QC_Day_2007225_aid0001,aid0001,2007-08-13,,,,98.0,77.0,6277.0,947.0,,,3927.0,1849.0,17220.0,7325.0,50.0,7.0,869.0
QC_Day_2007233_aid0001,aid0001,2007-08-21,,,,,,,,,,,,35629.0,857.0,,,2160.0
QC_Day_2007241_aid0001,aid0001,2007-08-29,471.0,110.0,161.0,74.0,202.0,2223.0,2289.0,,,2802.0,597.0,13221.0,13034.0,,,3462.0
QC_Day_2007249_aid0001,aid0001,2007-09-06,,,,,,,,,,,,15534.0,40.0,,,23072.0
QC_Day_2007257_aid0001,aid0001,2007-09-14,,,,,,,,,,,,27613.0,3304.0,,,7729.0
QC_Day_2007265_aid0001,aid0001,2007-09-22,4.0,,,,,,,,,,,8159.0,592.0,,,29891.0
QC_Day_2007273_aid0001,aid0001,2007-09-30,63.0,,,,,18.0,41.0,,,,,26092.0,5509.0,,,6923.0
QC_Day_2007281_aid0001,aid0001,2007-10-08,43.0,,,,,,,,,,,14581.0,1841.0,,,22181.0
QC_Day_2007289_aid0001,aid0001,2007-10-16,1491.0,,,,,,,,,,,933.0,952.0,,,35270.0
QC_Day_2007297_aid0001,aid0001,2007-10-24,609.0,,,,,,,,,,,3082.0,2178.0,,,32777.0
QC_Day_2007305_aid0001,aid0001,2007-11-01,515.0,,,,,,,,,,,302.0,525.0,,,37304.0
QC_Day_2007313_aid0001,aid0001,2007-11-09,967.0,,,,,,,,,,,11667.0,12067.0,,,13945.0
QC_Day_2007321_aid0001,aid0001,2007-11-17,694.0,,,,,,,,,,,8041.0,2825.0,,,27086.0
QC_Day_2007329_aid0001,aid0001,2007-11-25,1256.0,,,,,,,,,,,3279.0,824.0,,,33287.0
QC_Day_2007337_aid0001,aid0001,2007-12-03,22653.0,,,,,,,,,,,288.0,3643.0,,,12062.0
QC_Day_2007345_aid0001,aid0001,2007-12-11,6149.0,,,,,,,,,,,533.0,911.0,,,31053.0
QC_Day_2007353_aid0001,aid0001,2007-12-19,10970.0,,,,,,,,,,,989.0,2183.0,,,24504.0
QC_Day_2007361_aid0001,aid0001,2007-12-27,15653.0,,,,,,,,,,,,,,,22993.0
QC_Day_2008001_aid0001,aid0001,2008-01-01,12479.0,,,,,,,,,,,577.0,3542.0,,,22048.0
QC_Day_2008009_aid0001,aid0001,2008-01-09,4704.0,,,,,,,,,,,420.0,852.0,,,32670.0
QC_Day_2008017_aid0001,aid0001,2008-01-17,2482.0,,,,,,,,,,,2415.0,1622.0,,,32127.0
QC_Day_2008025_aid0001,aid0001,2008-01-25,6189.0,,,,,,,,,,,17.0,135.0,,,32305.0
QC_Day_2008033_aid0001,aid0001,2008-02-02,7256.0,,,,,,,,,,,718.0,1383.0,,,29289.0
QC_Day_2008041_aid0001,aid0001,2008-02-10,734.0,,,,,,,,,,,1386.0,1811.0,,,34715.0
QC_Day_2008049_aid0001,aid0001,2008-02-18,4639.0,,,,,,,,,,,693.0,897.0,,,32417.0
QC_Day_2008057_aid0001,aid0001,2008-02-26,4116.0,,,,,,,,,,,1.0,28.0,,,34501.0
QC_Day_2008065_aid0001,aid0001,2008-03-05,2947.0,,,,,,,,,,,279.0,2710.0,,,32710.0
QC_Day_2008073_aid0001,aid0001,2008-03-13,6358.0,,,,,,,,,,,1636.0,9370.0,,,21282.0
QC_Day_2008081_aid0001,aid0001,2008-03-21,4152.0,,,,,,,,,,,7.0,79.0,,,34408.0
QC_Day_2008089_aid0001,aid0001,2008-03-29,9170.0,,,,,,,,,,,,,,,29476.0
QC_Day_2008097_aid0001,aid0001,2008-04-06,4943.0,,,,,,,,,,,10638.0,10333.0,,,12732.0
QC_Day_2008105_aid0001,aid0001,2008-04-14,5073.0,,,,,,,,,,,71.0,382.0,,,33120.0
QC_Day_2008113_aid0001,aid0001,2008-04-22,2551.0,,,,,,,,,,,800.0,738.0,,,34557.0
QC_Day_2008121_aid0001,aid0001,2008-04-30,8423.0,,,,,,,,,,,7206.0,10470.0,,,12547.0
QC_Day_2008129_aid0001,aid0001,2008-05-08,3265.0,,,,,,,,,,,9457.0,11860.0,,,14064.0
QC_Day_2008137_aid0001,aid0001,2008-05-16,514.0,,,,,,,,,,,3.0,8.0,,,38121.0
QC_Day_2008145_aid0001,aid0001,2008-05-24,3687.0,,,,,475.0,125.0,,,,,11913.0,12291.0,,,10155.0
QC_Day_2008153_aid0001,aid0001,2008-06-01,951.0,,,,,10.0,15.0,,,,,10964.0,4966.0,,,21740.0
QC_Day_2008161_aid0001,aid0001,2008-06-09,48.0,,,,,,,,,,,29765.0,3253.0,,,5580.0
QC_Day_2008169_aid0001,aid0001,2008-06-17,34.0,,,,,,10.0,,,,,18150.0,1492.0,,,18960.0
QC_Day_2008177_aid0001,aid0001,2008-06-25,,,,,,3.0,,,,,,36121.0,1035.0,,,1487.0
QC_Day_2008185_aid0001,aid0001,2008-07-03,1.0,,,,,1.0,3.0,,,,,37562.0,884.0,,,195.0
QC_Day_2008193_aid0001,aid0001,2008-07-11,7.0,,,,,,,,,,,31852.0,1937.0,,,4850.0
QC_Day_2008201_aid0001,aid0001,2008-07-19,,,,,,4.0,5.0,,,,,33222.0,4909.0,,,506.0
QC_Day_2008209_aid0001,aid0001,2008-07-27,,,,,,28.0,4.0,,,,,36192.0,2422.0,,,
QC_Day_2008217_aid0001,aid0001,2008-08-04,,,,,,2655.0,248.0,,,3.0,,24491.0,6585.0,,,4664.0
QC_Day_2008225_aid0001,aid0001,2008-08-12,,,,,,,,,,,,37345.0,1232.0,,,69.0
QC_Day_2008233_aid0001,aid0001,2008-08-20,,,,,,2.0,,,,,,37964.0,468.0,,,212.0
QC_Day_2008241_aid0001,aid0001,2008-08-28,,,,,,,,,,,,38622.0,15.0,,,9.0
QC_Day_2008249_aid0001,aid0001,2008-09-05,,,,,,,,,,,,12756.0,314.0,,,25576.0
QC_Day_2008257_aid0001,aid0001,2008-09-13,,,,,,,,,,,,18459.0,155.0,,,20032.0
QC_Day_2008265_aid0001,aid0001,2008-09-21,,,,,,,,,,,,5835.0,1528.0,,,31283.0
QC_Day_2008273_aid0001,aid0001,2008-09-29,1437.0,,,,,165.0,1019.0,,,,,16511.0,10231.0,,,9283.0
QC_Day_2008281_aid0001,aid0001,2008-10-07,129.0,,,,,,24.0,,,,,6930.0,2628.0,,,28935.0
QC_Day_2008289_aid0001,aid0001,2008-10-15,64.0,,,,,,,,,,,6768.0,1593.0,,,30221.0
QC_Day_2008297_aid0001,aid0001,2008-10-23,252.0,,,,,,,,,,,10600.0,1603.0,,,26191.0
QC_Day_2008305_aid0001,aid0001,2008-10-31,18355.0,,,,3.0,,88.0,,,563.0,1427.0,861.0,5752.0,,,11597.0
QC_Day_2008313_aid0001,aid0001,2008-11-08,1938.0,,,,,,,,,,,17226.0,7628.0,,,11854.0
QC_Day_2008321_aid0001,aid0001,2008-11-16,956.0,,,,,,,,,,,1855.0,2172.0,,,33663.0
QC_Day_2008329_aid0001,aid0001,2008-11-24,1913.0,,,,,,,,,,,2310.0,2707.0,,,31716.0
QC_Day_2008337_aid0001,aid0001,2008-12-02,5141.0,,,,,,,,,,,5460.0,7315.0,,,20730.0
QC_Day_2008345_aid0001,aid0001,2008-12-10,3955.0,,,,,,,,,,,746.0,322.0,,,33623.0
QC_Day_2008353_aid0001,aid0001,2008-12-18,20894.0,,,,,,,,,,,794.0,1512.0,,,15446.0
QC_Day_2008361_aid0001,aid0001,2008-12-26,2134.0,,,,,,,,,,,7375.0,8042.0,,,21095.0
QC_Day_2009001_aid0001,aid0001,2009-01-01,1370.0,,,,,,,,,,,806.0,851.0,,,35619.0
QC_Day_2009009_aid0001,aid0001,2009-01-09,2770.0,,,,,,,,,,,1593.0,3704.0,,,30579.0
QC_Day_2009017_aid0001,aid0001,2009-01-17,7745.0,,,,,,,,,,,40.0,308.0,,,30553.0
QC_Day_2009025_aid0001,aid0001,2009-01-25,2237.0,,,,,,,,,,,73.0,589.0,,,35747.0
QC_Day_2009033_aid0001,aid0001,2009-02-02,8319.0,,,,,,,,,,,1572.0,5331.0,,,23424.0
QC_Day_2009041_aid0001,aid0001,2009-02-10,16849.0,,,,,,,,,,,48.0,1206.0,,,20543.0
QC_Day_2009049_aid0001,aid0001,2009-02-18,3286.0,,,,,,,,,,,144.0,984.0,,,34232.0
QC_Day_2009057_aid0001,aid0001,2009-02-26,12849.0,,,,,,,,,,,3.0,439.0,,,25355.0
QC_Day_2009065_aid0001,aid0001,2009-03-06,6593.0,,,,,,,,,,,87.0,660.0,,,31306.0
QC_Day_2009073_aid0001,aid0001,2009-03-14,3274.0,,,,,,,,,,,1588.0,5634.0,,,28150.0
QC_Day_2009081_aid0001,aid0001,2009-03-22,12168.0,,,,,,,,,,,,,,,26478.0
QC_Day_2009089_aid0001,aid0001,2009-03-30,3303.0,,,,,,,,,,,66.0,72.0,,,35205.0
QC_Day_2009097_aid0001,aid0001,2009-04-07,6937.0,,,,,,,,,,,5117.0,10731.0,,,15861.0
QC_Day_2009105_aid0001,aid0001,2009-04-15,910.0,,,,,,,,,,,104.0,592.0,,,37040.0
QC_Day_2009113_aid0001,aid0001,2009-04-23,2905.0,,,,,,,,,,,7880.0,11538.0,,,16323.0
QC_Day_2009121_aid0001,aid0001,2009-05-01,1356.0,,,,,,,,,,,9830.0,5316.0,,,22144.0
QC_Day_2009129_aid0001,aid0001,2009-05-09,1044.0,,,,,,,,,,,17218.0,15606.0,,,4778.0
QC_Day_2009137_aid0001,aid0001,2009-05-17,173.0,,,,,,,,,1.0,,30336.0,5014.0,,,3122.0
QC_Day_2009145_aid0001,aid0001,2009-05-25,3823.0,,,,,15.0,171.0,,,328.0,6.0,14343.0,6494.0,,,13466.0
QC_Day_2009153_aid0001,aid0001,2009-06-02,10051.0,,,,,3.0,140.0,,,964.0,115.0,4502.0,11890.0,39.0,391.0,10551.0
QC_Day_2009161_aid0001,aid0001,2009-06-10,13035.0,13.0,72.0,8.0,4.0,1573.0,4306.0,,,96.0,56.0,7210.0,8594.0,,55.0,3624.0
QC_Day_2009169_aid0001,aid0001,2009-06-18,13.0,,,,,7.0,2.0,,,,,33175.0,2796.0,,,2653.0
QC_Day_2009177_aid0001,aid0001,2009-06-26,4.0,,,,,1909.0,17.0,,,,,32728.0,2856.0,,,1132.0
QC_Day_2009185_aid0001,aid0001,2009-07-04,,,,,,,,,,,,18157.0,120.0,,,20369.0
QC_Day_2009193_aid0001,aid0001,2009-07-12,,,,,,,,,,,,32353.0,1353.0,,,4940.0
QC_Day_2009201_aid0001,aid0001,2009-07-20,,,7.0,,5.0,373.0,162.0,,,14.0,7.0,28786.0,8548.0,,,744.0
QC_Day_2009209_aid0001,aid0001,2009-07-28,,,,,,4.0,21.0,,,,,27995.0,8186.0,,,2440.0
QC_Day_2009217_aid0001,aid0001,2009-08-05,1.0,,1.0,,,17.0,5.0,,,,,23724.0,4590.0,,,10308.0
QC_Day_2009225_aid0001,aid0001,2009-08-13,,,,,,,,,,,,34896.0,568.0,,,3182.0
QC_Day_2009233_aid0001,aid0001,2009-08-21,12.0,,,,,18.0,30.0,,,,,25310.0,10567.0,,,2709.0
QC_Day_2009241_aid0001,aid0001,2009-08-29,14.0,,,,,2.0,,,,,,24169.0,4666.0,,,9795.0
QC_Day_2009249_aid0001,aid0001,2009-09-06,1.0,,,,,,,,,,,34890.0,2202.0,,,1553.0
QC_Day_2009257_aid0001,aid0001,2009-09-14,,,,,,1.0,,,,5463.0,142.0,21687.0,6607.0,,,4746.0
QC_Day_2009265_aid0001,aid0001,2009-09-22,,,,,,,,,,,,7052.0,,,,31594.0
QC_Day_2009273_aid0001,aid0001,2009-09-30,639.0,,,,,,,,,,,4071.0,3736.0,,,30200.0
QC_Day_2009281_aid0001,aid0001,2009-10-08,3170.0,,,,,,,,,,,4532.0,8701.0,,,22243.0
QC_Day_2009289_aid0001,aid0001,2009-10-16,112.0,,,,,,,,,,,19888.0,7825.0,,,10821.0
QC_Day_2009297_aid0001,aid0001,2009-10-24,3324.0,,,,,,,,,,,7088.0,2167.0,,,26067.0
QC_Day_2009305_aid0001,aid0001,2009-11-01,417.0,,,,,,,,,,,3208.0,3013.0,,,32008.0
QC_Day_2009313_aid0001,aid0001,2009-11-09,4406.0,,,,,,,,,,,4.0,186.0,,,34050.0
QC_Day_2009321_aid0001,aid0001,2009-11-17,3300.0,,,,,,,,,,,13569.0,16079.0,,,5698.0
QC_Day_2009329_aid0001,aid0001,2009-11-25,2104.0,,,,,,,,,,,1071.0,1405.0,,,34066.0
QC_Day_2009337_aid0001,aid0001,2009-12-03,2414.0,,,,,,,,,,,6011.0,3862.0,,,26359.0
QC_Day_2009345_aid0001,aid0001,2009-12-11,5553.0,,,,,,,,,,,4873.0,6923.0,,,21297.0
QC_Day_2009353_aid0001,aid0001,2009-12-19,9946.0,,,,,,,,,,,1864.0,7795.0,,,19041.0
QC_Day_2009361_aid0001,aid0001,2009-12-27,9386.0,,,,,,,,,,,789.0,3416.0,,,25055.0
QC_Day_2010001_aid0001,aid0001,2010-01-01,6161.0,,,,,,,,,,,1214.0,2997.0,,,28274.0
QC_Day_2010009_aid0001,aid0001,2010-01-09,8112.0,,,,,,,,,,,4650.0,9533.0,,,16351.0
QC_Day_2010017_aid0001,aid0001,2010-01-17,12077.0,,,,,,,,,,,9.0,43.0,,,26517.0
QC_Day_2010025_aid0001,aid0001,2010-01-25,6741.0,,,,,,,,,,,1723.0,1486.0,,,28696.0
QC_Day_2010033_aid0001,aid0001,2010-02-02,8363.0,,,,,,,,,,,87.0,650.0,,,29546.0
QC_Day_2010041_aid0001,aid0001,2010-02-10,22537.0,,,,,,,,,,,376.0,4479.0,,,11254.0
QC_Day_2010049_aid0001,aid0001,2010-02-18,11634.0,,,,,,,,,,,,,,,27012.0
QC_Day_2010057_aid0001,aid0001,2010-02-26,9931.0,,,,,,,,,,,182.0,938.0,,,27595.0
QC_Day_2010065_aid0001,aid0001,2010-03-06,16634.0,,,,,,,,,,,90.0,622.0,,,21300.0
QC_Day_2010073_aid0001,aid0001,2010-03-14,7820.0,,,,,,,,,,,20.0,296.0,,,30510.0
QC_Day_2010081_aid0001,aid0001,2010-03-22,9688.0,,,,,,,,,,,846.0,1127.0,,,26985.0
QC_Day_2010089_aid0001,aid0001,2010-03-30,29592.0,,,,,,,,,,,329.0,2705.0,,,6020.0
QC_Day_2010097_aid0001,aid0001,2010-04-07,1913.0,,,,,,,,,,,1084.0,2203.0,,,33446.0
QC_Day_2010105_aid0001,aid0001,2010-04-15,3606.0,,,,,,,,,,,4981.0,8228.0,,,21831.0
QC_Day_2010113_aid0001,aid0001,2010-04-23,3094.0,,,,,,,,,,,11642.0,17232.0,,,6678.0
QC_Day_2010121_aid0001,aid0001,2010-05-01,2584.0,,,,,,,,,,,814.0,2015.0,,,33233.0
QC_Day_2010129_aid0001,aid0001,2010-05-09,9010.0,,,,,,,,,,,1833.0,3410.0,,,24393.0
QC_Day_2010137_aid0001,aid0001,2010-05-17,17501.0,,,,,137.0,2001.0,,,,,1450.0,5226.0,,,12331.0
QC_Day_2010145_aid0001,aid0001,2010-05-25,2424.0,,,,,30.0,50.0,,,,,4789.0,2802.0,,,28551.0
QC_Day_2010153_aid0001,aid0001,2010-06-02,590.0,,2.0,188.0,10.0,857.0,658.0,,,11568.0,3924.0,8524.0,9100.0,360.0,419.0,2446.0
QC_Day_2010161_aid0001,aid0001,2010-06-10,555.0,,,,,,,,,,,4975.0,1583.0,,,31533.0
QC_Day_2010169_aid0001,aid0001,2010-06-18,2.0,,,,,,,,,,,22638.0,827.0,,,15179.0
QC_Day_2010177_aid0001,aid0001,2010-06-26,2.0,,,,,4.0,,,,,,21929.0,1274.0,,,15437.0
QC_Day_2010185_aid0001,aid0001,2010-07-04,8.0,,,,,,,,,,,36236.0,2166.0,,,236.0
QC_Day_2010193_aid0001,aid0001,2010-07-12,,,,,,42.0,4.0,,,,,33512.0,3074.0,,,2014.0
QC_Day_2010201_aid0001,aid0001,2010-07-20,3.0,,,,,1.0,2.0,,,,,36849.0,1679.0,,,112.0
QC_Day_2010209_aid0001,aid0001,2010-07-28,185.0,,43.0,53.0,115.0,1008.0,2159.0,,,368.0,1017.0,17996.0,12562.0,,,3140.0
QC_Day_2010217_aid0001,aid0001,2010-08-05,,,,,,7.0,3.0,,,,,24334.0,6971.0,,,7331.0
QC_Day_2010225_aid0001,aid0001,2010-08-13,,,,,,,,,,,,31796.0,1166.0,,,5684.0
QC_Day_2010233_aid0001,aid0001,2010-08-21,,,,,,,,,,,,38279.0,367.0,,,
QC_Day_2010241_aid0001,aid0001,2010-08-29,,,,,,,,,,,,38329.0,87.0,,,230.0
QC_Day_2010249_aid0001,aid0001,2010-09-06,,,,,,,,,,,,12976.0,48.0,,,25622.0
QC_Day_2010257_aid0001,aid0001,2010-09-14,,,,,,,,,,,,1365.0,,,,37281.0
QC_Day_2010265_aid0001,aid0001,2010-09-22,,,,,,,,,,,,3.0,2.0,,,38641.0
QC_Day_2010273_aid0001,aid0001,2010-09-30,,,,,,,,,,134.0,,17727.0,1068.0,,,19717.0
QC_Day_2010281_aid0001,aid0001,2010-10-08,14.0,,,,,,,,,,24.0,13600.0,863.0,,,24145.0
QC_Day_2010289_aid0001,aid0001,2010-10-16,27.0,,,,,,,,,,,13141.0,1757.0,,,23721.0
QC_Day_2010297_aid0001,aid0001,2010-10-24,11151.0,,,,,,,,,,,1990.0,3186.0,,,22319.0
QC_Day_2010305_aid0001,aid0001,2010-11-01,646.0,,,,,,,,,,,23232.0,12055.0,,,2713.0
QC_Day_2010313_aid0001,aid0001,2010-11-09,11846.0,,,,,,,,,,,778.0,1725.0,,,24297.0
QC_Day_2010321_aid0001,aid0001,2010-11-17,19829.0,,,,,,,,,,,1281.0,623.0,,,16913.0
QC_Day_2010329_aid0001,aid0001,2010-11-25,4036.0,,,,,,,,,,,149.0,119.0,,,34342.0
QC_Day_2010337_aid0001,aid0001,2010-12-03,11883.0,,,,,,,,,,,1932.0,4013.0,,,20818.0
QC_Day_2010345_aid0001,aid0001,2010-12-11,4737.0,,,,,,,,,,,531.0,1872.0,,,31506.0
QC_Day_2010353_aid0001,aid0001,2010-12-19,15661.0,,,,,,,,,,,,3.0,,,22982.0
QC_Day_2010361_aid0001,aid0001,2010-12-27,33443.0,,,,,,,,,,,,353.0,,,4850.0
QC_Day_2011001_aid0001,aid0001,2011-01-01,1077.0,,,,,,,,,,,4778.0,3130.0,,,29661.0
QC_Day_2011009_aid0001,aid0001,2011-01-09,17567.0,,,,,,,,,,,24.0,94.0,,,20961.0
QC_Day_2011017_aid0001,aid0001,2011-01-17,6364.0,,,,,,,,,,,68.0,2074.0,,,30140.0
QC_Day_2011025_aid0001,aid0001,2011-01-25,7212.0,,,,,,,,,,,178.0,934.0,,,30322.0
QC_Day_2011033_aid0001,aid0001,2011-02-02,8337.0,,,,,,,,,,,461.0,3922.0,,,25926.0
QC_Day_2011041_aid0001,aid0001,2011-02-10,5019.0,,,,,,,,,,,124.0,611.0,,,32892.0
QC_Day_2011049_aid0001,aid0001,2011-02-18,12209.0,,,,,,,,,,,896.0,1956.0,,,23585.0
QC_Day_2011057_aid0001,aid0001,2011-02-26,3436.0,,,,,,,,,,,19.0,142.0,,,35049.0
QC_Day_2011065_aid0001,aid0001,2011-03-06,4412.0,,,,,,,,,,,832.0,3577.0,,,29825.0
QC_Day_2011073_aid0001,aid0001,2011-03-14,34946.0,,,,,,,,,,,74.0,2414.0,,,1212.0
QC_Day_2011081_aid0001,aid0001,2011-03-22,12209.0,,,,,,,,,,,537.0,735.0,,,25165.0
QC_Day_2011089_aid0001,aid0001,2011-03-30,3872.0,,,,,,,,,,,868.0,697.0,,,33209.0
QC_Day_2011097_aid0001,aid0001,2011-04-07,16933.0,,,,,,,,,,,2116.0,8619.0,,,10978.0
QC_Day_2011105_aid0001,aid0001,2011-04-15,9171.0,,,,,,,,,,,117.0,2377.0,,,26981.0
QC_Day_2011113_aid0001,aid0001,2011-04-23,15108.0,,,,,,,,,,,1601.0,1928.0,,,20009.0
QC_Day_2011121_aid0001,aid0001,2011-05-01,1142.0,,,,,,,,,,,9.0,67.0,6.0,,37422.0
QC_Day_2011129_aid0001,aid0001,2011-05-09,3192.0,,,,,,,,,,,13745.0,18379.0,,,3330.0
QC_Day_2011137_aid0001,aid0001,2011-05-17,14822.0,,,,,195.0,2369.0,,,,,4641.0,6871.0,,,9748.0
QC_Day_2011145_aid0001,aid0001,2011-05-25,7966.0,,,,,,,,,,,2666.0,4479.0,,,23535.0
QC_Day_2011153_aid0001,aid0001,2011-06-02,771.0,,,,,,3.0,,,,,13551.0,8622.0,,,15699.0
QC_Day_2011161_aid0001,aid0001,2011-06-10,266.0,,,,,2.0,36.0,,,,,21510.0,6992.0,,,9840.0
QC_Day_2011169_aid0001,aid0001,2011-06-18,59.0,,,,,11.0,130.0,,,,,33454.0,4217.0,,,775.0
QC_Day_2011177_aid0001,aid0001,2011-06-26,84.0,2.0,,,,4.0,107.0,,,14.0,,30506.0,6355.0,,,1574.0
QC_Day_2011185_aid0001,aid0001,2011-07-04,372.0,206.0,81.0,23.0,52.0,6127.0,7011.0,5.0,4.0,6145.0,1500.0,7452.0,9322.0,54.0,114.0,178.0
QC_Day_2011193_aid0001,aid0001,2011-07-12,13.0,,,,,,,,,16.0,1.0,27508.0,1981.0,1.0,3.0,9123.0
QC_Day_2011201_aid0001,aid0001,2011-07-20,,,,,,,,,,,,33746.0,513.0,,,4387.0
QC_Day_2011209_aid0001,aid0001,2011-07-28,178.0,,25.0,1.0,44.0,274.0,195.0,,,4121.0,1791.0,12661.0,7128.0,1307.0,798.0,10123.0
QC_Day_2011217_aid0001,aid0001,2011-08-05,,,,,,,,,,,,35840.0,92.0,,,2714.0
QC_Day_2011225_aid0001,aid0001,2011-08-13,,,,,,110.0,13.0,,,,,28490.0,6648.0,,,3385.0
QC_Day_2011233_aid0001,aid0001,2011-08-21,28.0,27.0,20.0,17.0,11.0,9186.0,2275.0,,,86.0,74.0,18302.0,8513.0,,,107.0
QC_Day_2011241_aid0001,aid0001,2011-08-29,,,,,,,,,,,,37592.0,987.0,,,67.0
QC_Day_2011249_aid0001,aid0001,2011-09-06,229.0,,,,,41.0,46.0,,,24.0,12.0,21079.0,10632.0,,,6583.0
QC_Day_2011257_aid0001,aid0001,2011-09-14,,,,,,,,,,,,35470.0,2347.0,,,829.0
QC_Day_2011265_aid0001,aid0001,2011-09-22,,,,,,,,,,,,10998.0,,,,27648.0
QC_Day_2011273_aid0001,aid0001,2011-09-30,187.0,,,,,,,,,805.0,51.0,13465.0,9115.0,1373.0,241.0,13409.0
QC_Day_2011281_aid0001,aid0001,2011-10-08,81.0,,,,,,,,,,,16534.0,7908.0,,,14123.0
QC_Day_2011289_aid0001,aid0001,2011-10-16,35.0,,,,,,,,,,,589.0,467.0,,,37555.0
QC_Day_2011297_aid0001,aid0001,2011-10-24,718.0,,,,,,,,,,,3345.0,2294.0,,,32289.0
QC_Day_2011305_aid0001,aid0001,2011-11-01,10052.0,,,,,,,,,,,45.0,1181.0,,,27368.0
QC_Day_2011313_aid0001,aid0001,2011-11-09,5308.0,,,,,,,,,,,5407.0,7575.0,,,20356.0
QC_Day_2011321_aid0001,aid0001,2011-11-17,14904.0,,,,,,,,,,,262.0,1257.0,,,22223.0
QC_Day_2011329_aid0001,aid0001,2011-11-25,7149.0,,,,,,,,,,,211.0,2836.0,,,28450.0
QC_Day_2011337_aid0001,aid0001,2011-12-03,6425.0,,,,,,,,,,,1238.0,8798.0,,,22185.0
QC_Day_2011345_aid0001,aid0001,2011-12-11,17789.0,,,,,,,,,,,587.0,5004.0,,,15266.0
QC_Day_2011353_aid0001,aid0001,2011-12-19,7433.0,,,,,,,,,,,456.0,6127.0,,,24630.0
QC_Day_2011361_aid0001,aid0001,2011-12-27,18136.0,,,,,,,,,,,5.0,142.0,,,20363.0
QC_Day_2012001_aid0001,aid0001,2012-01-01,3960.0,,,,,,,,,,,2385.0,7611.0,,,24690.0
QC_Day_2012009_aid0001,aid0001,2012-01-09,11137.0,,,,,,,,,,,32.0,470.0,,,27007.0
QC_Day_2012017_aid0001,aid0001,2012-01-17,8704.0,,,,,,,,,,,509.0,2588.0,,,26845.0
QC_Day_2012025_aid0001,aid0001,2012-01-25,5198.0,,,,,,,,,,,24.0,,,,33424.0
QC_Day_2012033_aid0001,aid0001,2012-02-02,8642.0,,,,,,,,,,,28.0,1482.0,,,28494.0
QC_Day_2012041_aid0001,aid0001,2012-02-10,18580.0,,,,,,,,,,,,,,,20066.0
QC_Day_2012049_aid0001,aid0001,2012-02-18,10932.0,,,,,,,,,,,702.0,1924.0,,,25088.0
QC_Day_2012057_aid0001,aid0001,2012-02-26,3726.0,,,,,,,,,,,100.0,238.0,,,34582.0
QC_Day_2012065_aid0001,aid0001,2012-03-05,3637.0,,,,,,,,,,,1559.0,8348.0,,,25102.0
QC_Day_2012073_aid0001,aid0001,2012-03-13,5276.0,,,,,,,,,,,100.0,359.0,,,32911.0
QC_Day_2012081_aid0001,aid0001,2012-03-21,7524.0,,,,,,,,,,,5136.0,5207.0,,,20779.0
QC_Day_2012089_aid0001,aid0001,2012-03-29,1622.0,,,,,,,,,,,1763.0,1269.0,,,33992.0
QC_Day_2012097_aid0001,aid0001,2012-04-06,1532.0,,,,,,,,,,,1188.0,2178.0,,,33748.0
QC_Day_2012105_aid0001,aid0001,2012-04-14,1547.0,,,,,,,,,,,6903.0,6256.0,,,23940.0
QC_Day_2012113_aid0001,aid0001,2012-04-22,586.0,,,,,,,,,,,19497.0,10900.0,,,7663.0
QC_Day_2012121_aid0001,aid0001,2012-04-30,314.0,,,,,,,,,,,745.0,136.0,,,37451.0
QC_Day_2012129_aid0001,aid0001,2012-05-08,6.0,,,,,,,,,,,665.0,233.0,,,37742.0
QC_Day_2012137_aid0001,aid0001,2012-05-16,131.0,,,,,,,,,,,4334.0,2420.0,,,31761.0
QC_Day_2012145_aid0001,aid0001,2012-05-24,32.0,,,,,,,,,,,19903.0,4386.0,,,14325.0
QC_Day_2012153_aid0001,aid0001,2012-06-01,,,,,,,,,,,,1395.0,212.0,,,37039.0
QC_Day_2012161_aid0001,aid0001,2012-06-09,,,,,,,,,,,,29578.0,911.0,,,8157.0
QC_Day_2012169_aid0001,aid0001,2012-06-17,,,,,,,,,,,,6860.0,103.0,,,31683.0
QC_Day_2012177_aid0001,aid0001,2012-06-25,,,,,,,,,,,,29183.0,780.0,,,8683.0
QC_Day_2012185_aid0001,aid0001,2012-07-03,,,,,,,,,,98.0,,30117.0,6372.0,,,2059.0
QC_Day_2012193_aid0001,aid0001,2012-07-11,138.0,5.0,34.0,8.0,1.0,4110.0,2422.0,,,306.0,89.0,18026.0,12597.0,56.0,23.0,831.0
QC_Day_2012201_aid0001,aid0001,2012-07-19,721.0,11.0,158.0,4.0,10.0,3598.0,5686.0,,,3.0,10.0,11444.0,15734.0,,,1267.0
QC_Day_2012209_aid0001,aid0001,2012-07-27,,,,,,437.0,193.0,,,343.0,95.0,30379.0,6524.0,,,675.0
QC_Day_2012217_aid0001,aid0001,2012-08-04,,,,,,,,,,,,23749.0,2060.0,,,12837.0
QC_Day_2012225_aid0001,aid0001,2012-08-12,20.0,,,,8.0,114.0,147.0,,,8636.0,1630.0,22004.0,5472.0,161.0,102.0,352.0
QC_Day_2012233_aid0001,aid0001,2012-08-20,55.0,,,,2.0,11.0,70.0,,,724.0,632.0,19679.0,11163.0,107.0,80.0,6123.0
QC_Day_2012241_aid0001,aid0001,2012-08-28,41.0,,,5.0,6.0,386.0,72.0,,,108.0,128.0,23273.0,10790.0,,,3837.0
QC_Day_2012249_aid0001,aid0001,2012-09-05,,,,,,,,,,,,10178.0,108.0,,,28360.0
QC_Day_2012257_aid0001,aid0001,2012-09-13,,,,,,,,,,,,9744.0,2.0,,,28900.0
QC_Day_2012265_aid0001,aid0001,2012-09-21,,,,,,,,,,131.0,36.0,22219.0,4638.0,2.0,,11620.0
QC_Day_2012273_aid0001,aid0001,2012-09-29,,,,,,,,,,,,599.0,15.0,,,38032.0
QC_Day_2012281_aid0001,aid0001,2012-10-07,7.0,,,,,,,,,,,16686.0,1981.0,,,19972.0
QC_Day_2012289_aid0001,aid0001,2012-10-15,130.0,,,,,,,,,1.0,19.0,17518.0,4085.0,5.0,58.0,16830.0
QC_Day_2012297_aid0001,aid0001,2012-10-23,939.0,,,,,,,,,,,8678.0,3218.0,,,25811.0
QC_Day_2012305_aid0001,aid0001,2012-10-31,494.0,,,,,,,,,,,21257.0,7589.0,,,9306.0
QC_Day_2012313_aid0001,aid0001,2012-11-08,2901.0,,,,,,,,,,,3.0,4.0,,,35738.0
QC_Day_2012321_aid0001,aid0001,2012-11-16,6162.0,,,,,,,,,,,2285.0,2732.0,,,27467.0
QC_Day_2012329_aid0001,aid0001,2012-11-24,5043.0,,,,,,,,,,,76.0,226.0,,,33301.0
QC_Day_2012337_aid0001,aid0001,2012-12-02,11547.0,,,,,,,,,,,,,,,27099.0
QC_Day_2012345_aid0001,aid0001,2012-12-10,28778.0,,,,,,,,,,,,9.0,,,9859.0
QC_Day_2012353_aid0001,aid0001,2012-12-18,3684.0,,,,,,,,,,,320.0,503.0,,,34139.0
QC_Day_2012361_aid0001,aid0001,2012-12-26,13091.0,,,,,,,,,,,,,,,25555.0
QC_Day_2013001_aid0001,aid0001,2013-01-01,2884.0,,,,,,,,,,,529.0,1738.0,,,33495.0
QC_Day_2013009_aid0001,aid0001,2013-01-09,2803.0,,,,,,,,,,,136.0,278.0,,,35429.0
QC_Day_2013017_aid0001,aid0001,2013-01-17,3895.0,,,,,,,,,,,38.0,292.0,,,34421.0
QC_Day_2013025_aid0001,aid0001,2013-01-25,12769.0,,,,,,,,,,,26.0,5.0,,,25846.0
QC_Day_2013033_aid0001,aid0001,2013-02-02,6975.0,,,,,,,,,,,1576.0,3469.0,,,26626.0
QC_Day_2013041_aid0001,aid0001,2013-02-10,8577.0,,,,,,,,,,,,31.0,,,30038.0
QC_Day_2013049_aid0001,aid0001,2013-02-18,13100.0,,,,,,,,,,,9.0,22.0,,,25515.0
QC_Day_2013057_aid0001,aid0001,2013-02-26,13028.0,,,,,,,,,,,226.0,753.0,,,24639.0
QC_Day_2013065_aid0001,aid0001,2013-03-06,10303.0,,,,,,,,,,,1261.0,3593.0,,,23489.0
QC_Day_2013073_aid0001,aid0001,2013-03-14,7368.0,,,,,,,,,,,92.0,288.0,,,30898.0
QC_Day_2013081_aid0001,aid0001,2013-03-22,8502.0,,,,,,,,,,,2671.0,4818.0,,,22655.0
QC_Day_2013089_aid0001,aid0001,2013-03-30,3317.0,,,,,,,,,,,4560.0,3618.0,,,27151.0
QC_Day_2013097_aid0001,aid0001,2013-04-07,3446.0,,,,,,,,,,,1165.0,925.0,,,33110.0
QC_Day_2013105_aid0001,aid0001,2013-04-15,6961.0,,,,,,,,,,,3528.0,9925.0,,,18232.0
QC_Day_2013113_aid0001,aid0001,2013-04-23,605.0,,,,,,,,,,,1064.0,2220.0,,,34757.0
QC_Day_2013121_aid0001,aid0001,2013-05-01,1285.0,,,,,,,,,,,1110.0,769.0,,,35482.0
QC_Day_2013129_aid0001,aid0001,2013-05-09,1531.0,,,,,,,,,,,11276.0,8468.0,,,17371.0
QC_Day_2013137_aid0001,aid0001,2013-05-17,565.0,,,,,,,,,,,4504.0,1421.0,,,32156.0
QC_Day_2013145_aid0001,aid0001,2013-05-25,255.0,,,,,1.0,,,,,,12310.0,723.0,,,25357.0
QC_Day_2013153_aid0001,aid0001,2013-06-02,2.0,,,,,,,,,,,7278.0,145.0,,,31221.0
QC_Day_2013161_aid0001,aid0001,2013-06-10,,,,,,,,,,,,9242.0,439.0,,,28965.0
QC_Day_2013169_aid0001,aid0001,2013-06-18,,,,,,14.0,,,,,,37417.0,1170.0,,,45.0
QC_Day_2013177_aid0001,aid0001,2013-06-26,,,,,,249.0,30.0,,,,,35819.0,2318.0,,,230.0
QC_Day_2013185_aid0001,aid0001,2013-07-04,,,,,,14.0,4.0,,,86.0,72.0,31192.0,6227.0,2.0,,1049.0
QC_Day_2013193_aid0001,aid0001,2013-07-12,73.0,3.0,11.0,325.0,615.0,11034.0,4021.0,,,1835.0,1140.0,10869.0,7838.0,122.0,4.0,756.0
QC_Day_2013201_aid0001,aid0001,2013-07-20,,32.0,,,,525.0,290.0,,,,,29481.0,6236.0,,,2082.0
QC_Day_2013209_aid0001,aid0001,2013-07-28,1.0,,,,,19.0,16.0,,,72.0,110.0,23416.0,12059.0,44.0,38.0,2871.0
QC_Day_2013217_aid0001,aid0001,2013-08-05,3408.0,,,,,241.0,847.0,,,163.0,29.0,13968.0,11554.0,110.0,145.0,8181.0
QC_Day_2013225_aid0001,aid0001,2013-08-13,73.0,,,76.0,15.0,589.0,228.0,,,1609.0,284.0,24223.0,9194.0,,,2355.0
QC_Day_2013233_aid0001,aid0001,2013-08-21,2750.0,,46.0,,,2523.0,3470.0,,,,,18715.0,11141.0,,,1.0
QC_Day_2013241_aid0001,aid0001,2013-08-29,559.0,257.0,328.0,123.0,1033.0,14064.0,11264.0,,42.0,45.0,279.0,2760.0,7330.0,,4.0,558.0
QC_Day_2013249_aid0001,aid0001,2013-09-06,4551.0,616.0,1297.0,318.0,618.0,3732.0,11516.0,,,479.0,1617.0,4156.0,9350.0,,,396.0
QC_Day_2013257_aid0001,aid0001,2013-09-14,,,,,,,,,,,,31864.0,1019.0,,,5763.0
QC_Day_2013265_aid0001,aid0001,2013-09-22,58.0,,,,,,,,,,,4084.0,976.0,,,33528.0
QC_Day_2013273_aid0001,aid0001,2013-09-30,44.0,,,,,,,,,,,2632.0,1051.0,,,34919.0
QC_Day_2013281_aid0001,aid0001,2013-10-08,8458.0,,,,,,,,,,,2419.0,7443.0,,,20326.0
QC_Day_2013289_aid0001,aid0001,2013-10-16,198.0,,,,,,,,,,,139.0,493.0,,,37816.0
QC_Day_2013297_aid0001,aid0001,2013-10-24,275.0,,,,,,,,,,,23291.0,6476.0,,,8604.0
QC_Day_2013305_aid0001,aid0001,2013-11-01,1657.0,,,,,,,,,,,5903.0,5715.0,,,25371.0
QC_Day_2013313_aid0001,aid0001,2013-11-09,1079.0,,,,,,,,,,,14129.0,5498.0,,,17940.0
QC_Day_2013321_aid0001,aid0001,2013-11-17,10685.0,,,,,,,,,,,1475.0,584.0,,,25902.0
QC_Day_2013329_aid0001,aid0001,2013-11-25,3400.0,,,,,,,,,,,5764.0,11539.0,,,17943.0
QC_Day_2013337_aid0001,aid0001,2013-12-03,5284.0,,,,,,,,,,,,,,,33362.0
QC_Day_2013345_aid0001,aid0001,2013-12-11,2739.0,,,,,,,,,,,,64.0,,,35843.0
QC_Day_2013353_aid0001,aid0001,2013-12-19,5724.0,,,,,,,,,,,17.0,124.0,,,32781.0
QC_Day_2013361_aid0001,aid0001,2013-12-27,9283.0,,,,,,,,,,,1586.0,6049.0,,,21728.0
QC_Day_2014001_aid0001,aid0001,2014-01-01,11632.0,,,,,,,,,,,80.0,2611.0,,,24323.0
QC_Day_2014009_aid0001,aid0001,2014-01-09,11130.0,,,,,,,,,,,1826.0,5426.0,,,20264.0
QC_Day_2014017_aid0001,aid0001,2014-01-17,8978.0,,,,,,,,,,,13.0,1055.0,,,28600.0
QC_Day_2014025_aid0001,aid0001,2014-01-25,13363.0,,,,,,,,,,,2.0,39.0,,,25242.0
QC_Day_2014033_aid0001,aid0001,2014-02-02,21056.0,,,,,,,,,,,,7.0,,,17583.0
QC_Day_2014041_aid0001,aid0001,2014-02-10,25932.0,,,,,,,,,,,218.0,2605.0,,,9891.0
QC_Day_2014049_aid0001,aid0001,2014-02-18,8508.0,,,,,,,,,,,4538.0,16103.0,,,9497.0
QC_Day_2014057_aid0001,aid0001,2014-02-26,9363.0,,,,,,,,,,,2278.0,3990.0,,,23015.0
QC_Day_2014065_aid0001,aid0001,2014-03-06,4576.0,,,,,,,,,,,238.0,1023.0,,,32809.0
QC_Day_2014073_aid0001,aid0001,2014-03-14,4570.0,,,,,,,,,,,456.0,2270.0,,,31350.0
QC_Day_2014081_aid0001,aid0001,2014-03-22,4097.0,,,,,,,,,,,,41.0,,,34508.0
QC_Day_2014089_aid0001,aid0001,2014-03-30,25744.0,,,,,,,,,,,1098.0,4268.0,,,7536.0
QC_Day_2014097_aid0001,aid0001,2014-04-07,1957.0,,,,,,,,,,,1096.0,3547.0,,,32046.0
QC_Day_2014105_aid0001,aid0001,2014-04-15,2939.0,,,,,,,,,,,2117.0,3365.0,,,30225.0
QC_Day_2014113_aid0001,aid0001,2014-04-23,8385.0,,,,,,,,,,,959.0,2813.0,,,26489.0
QC_Day_2014121_aid0001,aid0001,2014-05-01,641.0,,,,,,,,,,,11.0,25.0,,,37969.0
QC_Day_2014129_aid0001,aid0001,2014-05-09,1805.0,,,,,,,,,,,10182.0,7746.0,,,18913.0
QC_Day_2014137_aid0001,aid0001,2014-05-17,3786.0,,,,,,,,,,,4205.0,5824.0,,,24831.0
QC_Day_2014145_aid0001,aid0001,2014-05-25,57.0,,,,,46.0,114.0,,,,,31979.0,3417.0,,,3033.0
QC_Day_2014153_aid0001,aid0001,2014-06-02,18.0,,,,,,,,,,,864.0,17.0,,,37747.0
QC_Day_2014161_aid0001,aid0001,2014-06-10,76.0,,,,,,,,,,,20628.0,3911.0,,,14031.0
QC_Day_2014169_aid0001,aid0001,2014-06-18,10.0,,,,,41.0,1.0,,,,,14880.0,6692.0,,,17022.0
QC_Day_2014177_aid0001,aid0001,2014-06-26,,,,,,,,,,,,36996.0,241.0,,,1409.0
QC_Day_2014185_aid0001,aid0001,2014-07-04,30.0,,1.0,,,179.0,37.0,,,,,31862.0,2831.0,,,3706.0
QC_Day_2014193_aid0001,aid0001,2014-07-12,2.0,,,,3.0,49.0,15.0,,,656.0,387.0,31977.0,5531.0,,,26.0
QC_Day_2014201_aid0001,aid0001,2014-07-20,,,,,,288.0,34.0,,,,,34081.0,3968.0,,,275.0
QC_Day_2014209_aid0001,aid0001,2014-07-28,3598.0,9.0,112.0,14.0,167.0,1988.0,4963.0,,,214.0,338.0,16937.0,8102.0,,,2204.0
QC_Day_2014217_aid0001,aid0001,2014-08-05,236.0,164.0,267.0,,,4468.0,3197.0,,,,,14321.0,15147.0,,,846.0
QC_Day_2014225_aid0001,aid0001,2014-08-13,,,,,,599.0,357.0,,,,,29731.0,7861.0,,,98.0
QC_Day_2014233_aid0001,aid0001,2014-08-21,1709.0,,2.0,,3.0,10.0,380.0,,,318.0,391.0,5333.0,7358.0,6.0,29.0,23107.0
QC_Day_2014241_aid0001,aid0001,2014-08-29,,,,,,3.0,,,,,,36266.0,1754.0,,,623.0
QC_Day_2014249_aid0001,aid0001,2014-09-06,,,,,,,,,,,,37017.0,1253.0,,,376.0
QC_Day_2014257_aid0001,aid0001,2014-09-14,29.0,,,,,204.0,79.0,,,277.0,,27067.0,7905.0,,,3085.0
QC_Day_2014265_aid0001,aid0001,2014-09-22,,,,,,,,,,,,31425.0,4886.0,,,2335.0
QC_Day_2014273_aid0001,aid0001,2014-09-30,,,,,,,,,,,,25013.0,1985.0,,,11648.0
QC_Day_2014281_aid0001,aid0001,2014-10-08,4.0,,,,,,,,,,,13654.0,2315.0,,,22673.0
QC_Day_2014289_aid0001,aid0001,2014-10-16,30.0,,,,,,,,,,,16245.0,4294.0,,,18077.0
QC_Day_2014297_aid0001,aid0001,2014-10-24,73.0,,,,,,,,,,,4763.0,741.0,,,33069.0
QC_Day_2014305_aid0001,aid0001,2014-11-01,839.0,,,,,,,,,,,11341.0,6116.0,,,20350.0
QC_Day_2014313_aid0001,aid0001,2014-11-09,899.0,,,,,,,,,,,2.0,25.0,,,37720.0
QC_Day_2014321_aid0001,aid0001,2014-11-17,8309.0,,,,,,,,,,,784.0,578.0,,,28975.0
QC_Day_2014329_aid0001,aid0001,2014-11-25,13776.0,,,,,3.0,,,,,,3803.0,10002.0,,,11062.0
QC_Day_2014337_aid0001,aid0001,2014-12-03,2997.0,,,,,,,,,,,8602.0,15990.0,,,11057.0
QC_Day_2014345_aid0001,aid0001,2014-12-11,11447.0,,,,,,,,,,,2112.0,1767.0,,,23320.0
QC_Day_2014353_aid0001,aid0001,2014-12-19,11481.0,,,,,,,,,,,1084.0,1178.0,,,24903.0
QC_Day_2014361_aid0001,aid0001,2014-12-27,8545.0,,,,,,,,,,,,,,,30101.0
QC_Day_2015001_aid0001,aid0001,2015-01-01,1411.0,,,,,,,,,,,7433.0,9402.0,,,20400.0
QC_Day_2015009_aid0001,aid0001,2015-01-09,11069.0,,,,,,,,,,,473.0,3000.0,,,24104.0
QC_Day_2015017_aid0001,aid0001,2015-01-17,5713.0,,,,,,,,,,,758.0,2679.0,,,29496.0
QC_Day_2015025_aid0001,aid0001,2015-01-25,6777.0,,,,,,,,,,,5474.0,12662.0,,,13733.0
QC_Day_2015033_aid0001,aid0001,2015-02-02,4551.0,,,,,,,,,,,5499.0,3501.0,,,25095.0
QC_Day_2015041_aid0001,aid0001,2015-02-10,2336.0,,,,,,,,,,,3218.0,3678.0,,,29414.0
QC_Day_2015049_aid0001,aid0001,2015-02-18,2951.0,,,,,,,,,,,575.0,1877.0,,,33243.0
QC_Day_2015057_aid0001,aid0001,2015-02-26,14229.0,,,,,,,,,,,991.0,2133.0,,,21293.0
QC_Day_2015065_aid0001,aid0001,2015-03-06,880.0,,,,,,,,,,,183.0,953.0,,,36630.0
QC_Day_2015073_aid0001,aid0001,2015-03-14,2114.0,,,,,,,,,,,4819.0,2373.0,,,29340.0
QC_Day_2015081_aid0001,aid0001,2015-03-22,951.0,,,,,,,,,,,1178.0,818.0,,,35699.0
QC_Day_2015089_aid0001,aid0001,2015-03-30,916.0,,,,,,,,,,,4565.0,4704.0,,,28461.0
QC_Day_2015097_aid0001,aid0001,2015-04-07,1425.0,,,,,,,,,,,,,,,37221.0
QC_Day_2015105_aid0001,aid0001,2015-04-15,1833.0,,,,,,,,,,,2085.0,346.0,,,34382.0
QC_Day_2015113_aid0001,aid0001,2015-04-23,965.0,,,,,,,,,,,1264.0,709.0,,,35708.0
QC_Day_2015121_aid0001,aid0001,2015-05-01,7549.0,,,,,,34.0,,,46.0,64.0,7156.0,11543.0,,,12254.0
QC_Day_2015129_aid0001,aid0001,2015-05-09,5919.0,,,,,,,,,,,3409.0,5804.0,,,23514.0
QC_Day_2015137_aid0001,aid0001,2015-05-17,24733.0,,,,,170.0,4719.0,,,,,812.0,4838.0,,,3374.0
QC_Day_2015145_aid0001,aid0001,2015-05-25,936.0,,,,,,12.0,,,4103.0,1413.0,10109.0,7584.0,,,14489.0
QC_Day_2015153_aid0001,aid0001,2015-06-02,364.0,,,,,1865.0,952.0,,,,,23725.0,10517.0,,,1223.0
QC_Day_2015161_aid0001,aid0001,2015-06-10,,,,,,,,,,9.0,,29374.0,5926.0,,,3337.0
QC_Day_2015169_aid0001,aid0001,2015-06-18,,,,,,,,,,,,33392.0,50.0,,,5204.0
QC_Day_2015177_aid0001,aid0001,2015-06-26,3.0,,,,2.0,795.0,121.0,,,35.0,7.0,32776.0,4556.0,,,351.0
QC_Day_2015185_aid0001,aid0001,2015-07-04,2598.0,92.0,617.0,,,3318.0,11083.0,,,,,5501.0,10039.0,,,5398.0
QC_Day_2015193_aid0001,aid0001,2015-07-12,,,,,,7.0,17.0,,,,,27210.0,10689.0,,,723.0
QC_Day_2015201_aid0001,aid0001,2015-07-20,,,,,,74.0,21.0,,,,,26308.0,5019.0,,,7224.0
QC_Day_2015209_aid0001,aid0001,2015-07-28,,,,,,,,,,,,32620.0,125.0,,,5901.0
QC_Day_2015217_aid0001,aid0001,2015-08-05,145.0,8.0,27.0,,,4128.0,1624.0,,,,,16170.0,15545.0,,,999.0
QC_Day_2015225_aid0001,aid0001,2015-08-13,,,,,,,,,,,,30530.0,336.0,,,7780.0
QC_Day_2015233_aid0001,aid0001,2015-08-21,,,,,,461.0,30.0,,,,,34200.0,3938.0,,,17.0
QC_Day_2015241_aid0001,aid0001,2015-08-29,89.0,,,,,23.0,41.0,,,,,16869.0,15663.0,,,5961.0
QC_Day_2015249_aid0001,aid0001,2015-09-06,,,,,,,,,,,,13337.0,37.0,,,25272.0
QC_Day_2015257_aid0001,aid0001,2015-09-14,,,,,,,,,,,,6433.0,57.0,,,32156.0
QC_Day_2015265_aid0001,aid0001,2015-09-22,,,,,,,,,,536.0,,29026.0,5943.0,,,3141.0
QC_Day_2015273_aid0001,aid0001,2015-09-30,1354.0,,,,,177.0,136.0,,,,,11297.0,6033.0,1.0,,19648.0
QC_Day_2015281_aid0001,aid0001,2015-10-08,,,,,,2.0,,,,,,29086.0,317.0,,,9241.0
QC_Day_2015289_aid0001,aid0001,2015-10-16,1553.0,,,,,,31.0,,,,,3338.0,4132.0,,,29592.0
QC_Day_2015297_aid0001,aid0001,2015-10-24,917.0,,,,,,,,,,,27437.0,10081.0,,,211.0
QC_Day_2015305_aid0001,aid0001,2015-11-01,1298.0,,,,,,,,,,,660.0,848.0,,,35840.0
QC_Day_2015313_aid0001,aid0001,2015-11-09,2216.0,,,,,,,,,,,863.0,3199.0,,,32368.0
QC_Day_2015321_aid0001,aid0001,2015-11-17,6944.0,,,,,,,,,,,98.0,276.0,,,31328.0
QC_Day_2015329_aid0001,aid0001,2015-11-25,18127.0,,,,,,,,,,,90.0,1314.0,,,19115.0
QC_Day_2015337_aid0001,aid0001,2015-12-03,14529.0,,,,,,,,,,,74.0,155.0,,,23888.0
QC_Day_2015345_aid0001,aid0001,2015-12-11,11256.0,,,,,,,,,,,3199.0,14623.0,,,9568.0
QC_Day_2015353_aid0001,aid0001,2015-12-19,3063.0,,,,,,,,,,,32.0,36.0,,,35515.0
QC_Day_2015361_aid0001,aid0001,2015-12-27,4735.0,,,,,,,,,,,145.0,27.0,,,33739.0
QC_Day_2016001_aid0001,aid0001,2016-01-01,2395.0,,,,,,,,,,,463.0,168.0,,,35620.0
QC_Day_2016009_aid0001,aid0001,2016-01-09,7002.0,,,,,,,,,,,47.0,2.0,,,31595.0
QC_Day_2016017_aid0001,aid0001,2016-01-17,20405.0,,,,,,,,,,,139.0,659.0,,,17443.0
QC_Day_2016025_aid0001,aid0001,2016-01-25,3384.0,,,,,,,,,,,3884.0,5219.0,,,26159.0
QC_Day_2016033_aid0001,aid0001,2016-02-02,1922.0,,,,,,,,,,,122.0,479.0,,,36123.0
QC_Day_2016041_aid0001,aid0001,2016-02-10,8565.0,,,,,,,,,,,3044.0,4640.0,,,22397.0
QC_Day_2016049_aid0001,aid0001,2016-02-18,7397.0,,,,,,,,,,,33.0,1418.0,,,29798.0
QC_Day_2016057_aid0001,aid0001,2016-02-26,5253.0,,,,,,,,,,,3.0,494.0,,,32896.0
QC_Day_2016065_aid0001,aid0001,2016-03-05,7945.0,,,,,,,,,,,1895.0,5005.0,,,23801.0
QC_Day_2016073_aid0001,aid0001,2016-03-13,4792.0,,,,,,,,,,,146.0,1304.0,,,32404.0
QC_Day_2016081_aid0001,aid0001,2016-03-21,18155.0,,,,,,,,,,,1309.0,4256.0,,,14926.0
QC_Day_2016089_aid0001,aid0001,2016-03-29,4453.0,,,,,,,,,,,2851.0,4248.0,,,27094.0
QC_Day_2016097_aid0001,aid0001,2016-04-06,1633.0,,,,,,,,,,,3421.0,2410.0,,,31182.0
QC_Day_2016105_aid0001,aid0001,2016-04-14,6445.0,,,,,,,,,,,2640.0,5981.0,,,23580.0
QC_Day_2016113_aid0001,aid0001,2016-04-22,14197.0,,,,,,,,,,,1445.0,7850.0,,,15154.0
QC_Day_2016121_aid0001,aid0001,2016-04-30,1841.0,,,,,,,,,,,10207.0,9141.0,,,17457.0
QC_Day_2016129_aid0001,aid0001,2016-05-08,740.0,,,,,,,,,,,17015.0,10393.0,,,10498.0
QC_Day_2016137_aid0001,aid0001,2016-05-16,9648.0,,,,,,,,,,,2231.0,6938.0,,,19829.0
QC_Day_2016145_aid0001,aid0001,2016-05-24,1119.0,,,,,,7.0,,,,,14494.0,10105.0,,,12921.0
QC_Day_2016153_aid0001,aid0001,2016-06-01,108.0,,,,,,,,,5.0,7.0,24185.0,2123.0,,,12218.0
QC_Day_2016161_aid0001,aid0001,2016-06-09,20.0,,,,,,,,,,,18355.0,2091.0,,,18180.0
QC_Day_2016169_aid0001,aid0001,2016-06-17,,,,,,,,,,,,34944.0,210.0,,,3492.0
QC_Day_2016177_aid0001,aid0001,2016-06-25,8.0,,,,,,2.0,,,,,29063.0,820.0,,,8753.0
QC_Day_2016185_aid0001,aid0001,2016-07-03,11.0,,,,,23.0,23.0,,,,,32254.0,6201.0,,,134.0
QC_Day_2016193_aid0001,aid0001,2016-07-11,8.0,,,,,,3.0,,,,,32688.0,1026.0,,,4921.0
QC_Day_2016201_aid0001,aid0001,2016-07-19,,,,,,5.0,20.0,,,,2.0,35327.0,2996.0,7.0,,289.0
QC_Day_2016209_aid0001,aid0001,2016-07-27,2.0,,,,,326.0,8.0,,,102.0,13.0,30129.0,7171.0,20.0,,875.0
QC_Day_2016217_aid0001,aid0001,2016-08-04,,,,,,135.0,23.0,,,36.0,21.0,22883.0,5925.0,,25.0,9598.0
QC_Day_2016225_aid0001,aid0001,2016-08-12,,,,,,103.0,8.0,,,,,28946.0,2369.0,,,7220.0
QC_Day_2016233_aid0001,aid0001,2016-08-20,,,,,,,,,,,,16983.0,309.0,,,21354.0
QC_Day_2016241_aid0001,aid0001,2016-08-28,216.0,,,,,138.0,102.0,,,,,20646.0,7611.0,,,9933.0
QC_Day_2016249_aid0001,aid0001,2016-09-05,,,,,,,,,,,,32195.0,122.0,,,6329.0
QC_Day_2016257_aid0001,aid0001,2016-09-13,,,,,,,,,,,,35842.0,142.0,,,2662.0
QC_Day_2016265_aid0001,aid0001,2016-09-21,10.0,,,,,,,,,,,28784.0,5046.0,,,4806.0
QC_Day_2016273_aid0001,aid0001,2016-09-29,1168.0,,,3.0,19.0,32.0,785.0,,,224.0,252.0,2809.0,12258.0,256.0,197.0,20643.0
QC_Day_2016281_aid0001,aid0001,2016-10-07,87.0,,,,,,,,,,,6948.0,3887.0,,,27724.0
QC_Day_2016289_aid0001,aid0001,2016-10-15,225.0,,,,,,,,,,6.0,8158.0,5135.0,,2.0,25120.0
QC_Day_2016297_aid0001,aid0001,2016-10-23,633.0,,,,,,,,,,,13189.0,3732.0,,,21092.0
QC_Day_2016305_aid0001,aid0001,2016-10-31,682.0,,,,,,,,,,,7991.0,4435.0,,,25538.0
QC_Day_2016313_aid0001,aid0001,2016-11-08,622.0,,,,,,,,,,,7628.0,3869.0,,,26527.0
QC_Day_2016321_aid0001,aid0001,2016-11-16,3974.0,,,,,,,,,,,1358.0,3502.0,,,29812.0
QC_Day_2016329_aid0001,aid0001,2016-11-24,10481.0,,,,,,,,,,,8.0,8.0,,,28149.0
QC_Day_2016337_aid0001,aid0001,2016-12-02,18311.0,,,,,,,,,,,341.0,2822.0,,,17172.0
QC_Day_2016345_aid0001,aid0001,2016-12-10,6541.0,,,,,,,,,,,2.0,115.0,,,31988.0
QC_Day_2016353_aid0001,aid0001,2016-12-18,8778.0,,,,,,,,,,,2273.0,5672.0,,,21923.0
QC_Day_2016361_aid0001,aid0001,2016-12-26,1797.0,,,,,,,,,,,4781.0,3141.0,,,28927.0
QC_Day_2017001_aid0001,aid0001,2017-01-01,709.0,,,,,,,,,,,,,,,37937.0
QC_Day_2017009_aid0001,aid0001,2017-01-09,13442.0,,,,,,,,,,,4744.0,3523.0,,,16937.0
QC_Day_2017017_aid0001,aid0001,2017-01-17,7228.0,,,,,,,,,,,,8.0,,,31410.0
QC_Day_2017025_aid0001,aid0001,2017-01-25,3140.0,,,,,,,,,,,86.0,74.0,,,35346.0
QC_Day_2017033_aid0001,aid0001,2017-02-02,19204.0,,,,,4.0,4.0,,,,,946.0,9369.0,,,9119.0
QC_Day_2017041_aid0001,aid0001,2017-02-10,3190.0,,,,,,,,,,,177.0,2084.0,,,33195.0
QC_Day_2017049_aid0001,aid0001,2017-02-18,21327.0,,,,,,,,,,,356.0,959.0,,,16004.0
QC_Day_2017057_aid0001,aid0001,2017-02-26,2990.0,,,,,,,,,,,162.0,759.0,,,34735.0
QC_Day_2017065_aid0001,aid0001,2017-03-06,5824.0,,,,,,,,,,,31.0,213.0,,,32578.0
QC_Day_2017073_aid0001,aid0001,2017-03-14,3745.0,,,,,,,,,,,3479.0,3470.0,,,27952.0
QC_Day_2017081_aid0001,aid0001,2017-03-22,3399.0,,,,,,,,,,,465.0,1186.0,,,33596.0
QC_Day_2017089_aid0001,aid0001,2017-03-30,5549.0,,,,,,,,,,,2247.0,3192.0,,,27658.0
QC_Day_2017097_aid0001,aid0001,2017-04-07,1859.0,,,,,,,,,,,1213.0,3461.0,,,32113.0
QC_Day_2017105_aid0001,aid0001,2017-04-15,2947.0,,,,,,,,,,,576.0,1600.0,,,33523.0
QC_Day_2017113_aid0001,aid0001,2017-04-23,12611.0,,,,,,,,,,,4605.0,18140.0,,,3290.0
QC_Day_2017121_aid0001,aid0001,2017-05-01,1045.0,,,,,,,,,,,10197.0,3759.0,,,23645.0
QC_Day_2017129_aid0001,aid0001,2017-05-09,1144.0,,,,,,,,,,,668.0,1222.0,,,35612.0
QC_Day_2017137_aid0001,aid0001,2017-05-17,3195.0,,,,,,,,,,,8240.0,14190.0,,,13021.0
QC_Day_2017145_aid0001,aid0001,2017-05-25,742.0,,,,,,,,,,,3630.0,3180.0,,,31094.0
QC_Day_2017153_aid0001,aid0001,2017-06-02,109.0,,,,,136.0,166.0,,,,,33231.0,4818.0,,,186.0
QC_Day_2017161_aid0001,aid0001,2017-06-10,215.0,,6.0,,,163.0,387.0,,,2.0,,28127.0,8780.0,,,966.0
QC_Day_2017169_aid0001,aid0001,2017-06-18,,,,,,,,,,,,38442.0,204.0,,,
QC_Day_2017177_aid0001,aid0001,2017-06-26,,,,,,,,,,,,31627.0,766.0,,,6253.0
QC_Day_2017185_aid0001,aid0001,2017-07-04,133.0,,25.0,,,1208.0,1661.0,,,,,26360.0,9160.0,,,99.0
QC_Day_2017193_aid0001,aid0001,2017-07-12,407.0,12.0,98.0,293.0,259.0,1283.0,1674.0,,,3710.0,2269.0,20238.0,7788.0,66.0,79.0,470.0
QC_Day_2017201_aid0001,aid0001,2017-07-20,331.0,,42.0,98.0,175.0,7217.0,6577.0,,,216.0,334.0,13289.0,9942.0,,,425.0
QC_Day_2017209_aid0001,aid0001,2017-07-28,17.0,,,2.0,1.0,304.0,290.0,,,,5.0,26265.0,11408.0,,,354.0
QC_Day_2017217_aid0001,aid0001,2017-08-05,67.0,29.0,125.0,146.0,70.0,2583.0,2300.0,,,95.0,37.0,20517.0,12028.0,16.0,32.0,601.0
QC_Day_2017225_aid0001,aid0001,2017-08-13,66.0,,8.0,16.0,20.0,152.0,263.0,,,5.0,,23824.0,11114.0,,,3178.0
QC_Day_2017233_aid0001,aid0001,2017-08-21,22.0,,,,5.0,896.0,543.0,,,78.0,114.0,25464.0,10265.0,,,1259.0
QC_Day_2017241_aid0001,aid0001,2017-08-29,,,,,,,,,,1.0,,33615.0,458.0,,,4572.0
QC_Day_2017249_aid0001,aid0001,2017-09-06,1.0,,,6.0,11.0,79.0,6.0,,,2156.0,670.0,29060.0,5574.0,,,1083.0
QC_Day_2017257_aid0001,aid0001,2017-09-14,41.0,,,,,722.0,11.0,,,,,13520.0,12028.0,,,12324.0
QC_Day_2017265_aid0001,aid0001,2017-09-22,610.0,,,,,,,,,,,21581.0,14943.0,,,1512.0
QC_Day_2017273_aid0001,aid0001,2017-09-30,339.0,,,,,,,,,,,11454.0,2358.0,,,24495.0
QC_Day_2017281_aid0001,aid0001,2017-10-08,233.0,,,,,,,,,,,54.0,171.0,,,38188.0
QC_Day_2017289_aid0001,aid0001,2017-10-16,382.0,,,,,,,,,,,15.0,190.0,,,38059.0
QC_Day_2017297_aid0001,aid0001,2017-10-24,494.0,,,,,,,,,,,11005.0,3430.0,,,23717.0
QC_Day_2017305_aid0001,aid0001,2017-11-01,14477.0,,,,,,,,,,,1475.0,10906.0,,,11788.0
QC_Day_2017313_aid0001,aid0001,2017-11-09,2448.0,,,,,,,,,,,5122.0,9292.0,,,21784.0
QC_Day_2017321_aid0001,aid0001,2017-11-17,2359.0,,,,,,,,,,73.0,1716.0,4297.0,,,30201.0
QC_Day_2017329_aid0001,aid0001,2017-11-25,1658.0,,,,,,,,,,,4729.0,4375.0,,,27884.0
QC_Day_2017337_aid0001,aid0001,2017-12-03,3981.0,,,,,,,,,,,1681.0,7924.0,,,25060.0
QC_Day_2017345_aid0001,aid0001,2017-12-11,8225.0,,,,,,,,,,,99.0,688.0,,,29634.0
QC_Day_2017353_aid0001,aid0001,2017-12-19,7450.0,,,,,,,,,,,8.0,72.0,,,31116.0
QC_Day_2017361_aid0001,aid0001,2017-12-27,12079.0,,,,,,,,,,,,,,,26567.0
QC_Day_2018001_aid0001,aid0001,2018-01-01,10560.0,,,,,,,,,,,908.0,6850.0,,,20328.0
QC_Day_2018009_aid0001,aid0001,2018-01-09,11375.0,,,,,,,,,,,249.0,1438.0,,,25584.0
QC_Day_2018017_aid0001,aid0001,2018-01-17,8280.0,,,,,,,,,,,3562.0,14262.0,,,12542.0
QC_Day_2018025_aid0001,aid0001,2018-01-25,25302.0,,,,,,,,,,,1286.0,3429.0,,,8629.0
QC_Day_2018033_aid0001,aid0001,2018-02-02,17572.0,,,,,,,,,,,3855.0,3339.0,,,13880.0
QC_Day_2018041_aid0001,aid0001,2018-02-10,8422.0,,,,,,,,,,,57.0,1461.0,,,28706.0
QC_Day_2018049_aid0001,aid0001,2018-02-18,9165.0,,,,,,,,,,,223.0,561.0,,,28697.0
QC_Day_2018057_aid0001,aid0001,2018-02-26,14536.0,,,,,,,,,,,9.0,94.0,,,24007.0
QC_Day_2018065_aid0001,aid0001,2018-03-06,5718.0,,,,,,,,,,,499.0,3821.0,,,28608.0
QC_Day_2018073_aid0001,aid0001,2018-03-14,18212.0,,,,,,,,,,,742.0,2528.0,,,17164.0
QC_Day_2018081_aid0001,aid0001,2018-03-22,7705.0,,,,,,,,,,,708.0,1627.0,,,28606.0
QC_Day_2018089_aid0001,aid0001,2018-03-30,4504.0,,,,,,,,,,,408.0,243.0,,,33491.0
QC_Day_2018097_aid0001,aid0001,2018-04-07,9706.0,,,,,,,,,,,4022.0,12085.0,,,12833.0
QC_Day_2018105_aid0001,aid0001,2018-04-15,1438.0,,,,,,,,,,,8315.0,1874.0,,,27019.0
QC_Day_2018113_aid0001,aid0001,2018-04-23,149.0,,,,,,,,,,,5255.0,2798.0,,,30444.0
QC_Day_2018121_aid0001,aid0001,2018-05-01,594.0,,,,,,,,,,,6605.0,1305.0,,,30142.0
QC_Day_2018129_aid0001,aid0001,2018-05-09,2068.0,,,,,1136.0,400.0,,,,,18883.0,14170.0,,,1989.0
QC_Day_2018137_aid0001,aid0001,2018-05-17,1456.0,,,,,78.0,253.0,,,,,6490.0,5437.0,,,24932.0
QC_Day_2018145_aid0001,aid0001,2018-05-25,222.0,,,,,346.0,1066.0,,,,,25705.0,10248.0,,,1059.0
QC_Day_2018153_aid0001,aid0001,2018-06-02,,,,,,,,,,,,16890.0,240.0,,,21516.0
QC_Day_2018161_aid0001,aid0001,2018-06-10,,,,,,1.0,1.0,,,,,31551.0,1394.0,,,5699.0
QC_Day_2018169_aid0001,aid0001,2018-06-18,5.0,,,,,,,,,,,16037.0,748.0,,,21856.0
QC_Day_2018177_aid0001,aid0001,2018-06-26,,,,,,5.0,6.0,,,,,34845.0,572.0,,,3218.0
QC_Day_2018185_aid0001,aid0001,2018-07-04,35.0,,20.0,,,7650.0,1894.0,,,,,21178.0,6553.0,,,1316.0
QC_Day_2018193_aid0001,aid0001,2018-07-12,,,,,1.0,1230.0,440.0,,,188.0,61.0,29646.0,6691.0,,,389.0
QC_Day_2018201_aid0001,aid0001,2018-07-20,126.0,,4.0,119.0,33.0,715.0,574.0,,,9946.0,1345.0,14257.0,11150.0,,7.0,370.0
QC_Day_2018209_aid0001,aid0001,2018-07-28,,,,,,29.0,2.0,,,,,35523.0,1705.0,,,1387.0
QC_Day_2018217_aid0001,aid0001,2018-08-05,,,,,,,,,,,,38255.0,96.0,,,295.0
QC_Day_2018225_aid0001,aid0001,2018-08-13,21.0,,,,,26.0,12.0,,,66.0,11.0,24478.0,7368.0,,,6664.0
QC_Day_2018233_aid0001,aid0001,2018-08-21,,,,,,,,,,153.0,20.0,13657.0,1538.0,56.0,,23222.0
QC_Day_2018241_aid0001,aid0001,2018-08-29,11.0,,,,,321.0,404.0,,,,,29798.0,4560.0,,,3552.0
QC_Day_2018249_aid0001,aid0001,2018-09-06,,,,,,,,,,,,20278.0,394.0,,,17974.0
QC_Day_2018257_aid0001,aid0001,2018-09-14,,,,,,,,,,,,15694.0,96.0,,,22856.0
QC_Day_2018265_aid0001,aid0001,2018-09-22,,,,,,,,,,,,5.0,,,,38641.0
QC_Day_2018273_aid0001,aid0001,2018-09-30,5673.0,,,1.0,7.0,6.0,49.0,,,1216.0,1280.0,1878.0,3422.0,2768.0,2486.0,19860.0
QC_Day_2018281_aid0001,aid0001,2018-10-08,2565.0,,,,,,,,,,,39.0,166.0,,,35876.0
QC_Day_2018289_aid0001,aid0001,2018-10-16,830.0,,,,,,,,,,,19048.0,10532.0,,,8236.0
QC_Day_2018297_aid0001,aid0001,2018-10-24,683.0,,,,,,,,,,,2042.0,1831.0,,,34090.0
QC_Day_2018305_aid0001,aid0001,2018-11-01,3046.0,,,,,,,,,,,16.0,57.0,,,35527.0
QC_Day_2018313_aid0001,aid0001,2018-11-09,1442.0,,,,,,,,,,,639.0,1240.0,,,35325.0
QC_Day_2018321_aid0001,aid0001,2018-11-17,2555.0,,,,,,,,,,,4315.0,2315.0,,,29461.0
QC_Day_2018329_aid0001,aid0001,2018-11-25,7338.0,,,,,,,,,,,8834.0,11622.0,,,10852.0
QC_Day_2018337_aid0001,aid0001,2018-12-03,11067.0,,,,,,,,,,,454.0,2266.0,,,24859.0
QC_Day_2018345_aid0001,aid0001,2018-12-11,8899.0,,,,,,,,,,,14.0,61.0,,,29672.0
QC_Day_2018353_aid0001,aid0001,2018-12-19,8522.0,,,,,,,,,,,1100.0,3135.0,,,25889.0
QC_Day_2018361_aid0001,aid0001,2018-12-27,20450.0,,,,,,,,,,,487.0,6615.0,,,11094.0
QC_Day_2019001_aid0001,aid0001,2019-01-01,5928.0,,,,,,,,,,,2267.0,3087.0,,,27364.0
QC_Day_2019009_aid0001,aid0001,2019-01-09,8800.0,,,,,,,,,,,180.0,2031.0,,,27635.0
QC_Day_2019017_aid0001,aid0001,2019-01-17,17886.0,,,,,,,,,,,1624.0,2935.0,,,16201.0
QC_Day_2019025_aid0001,aid0001,2019-01-25,2655.0,,,,,,,,,,,139.0,1766.0,,,34086.0
QC_Day_2019033_aid0001,aid0001,2019-02-02,11910.0,,,,,,,,,,,355.0,458.0,,,25923.0
QC_Day_2019041_aid0001,aid0001,2019-02-10,3797.0,,,,,,,,,,,,,,,34849.0
QC_Day_2019049_aid0001,aid0001,2019-02-18,9704.0,,,,,,,,,,,9.0,35.0,,,28898.0
QC_Day_2019057_aid0001,aid0001,2019-02-26,21559.0,,,,,,,,,,,475.0,824.0,,,15788.0
QC_Day_2019065_aid0001,aid0001,2019-03-06,17647.0,,,,,,,,,,,4269.0,10646.0,,,6084.0
QC_Day_2019073_aid0001,aid0001,2019-03-14,1767.0,,,,,,,,,,,214.0,595.0,,,36070.0
QC_Day_2019081_aid0001,aid0001,2019-03-22,12016.0,,,,,,,,,,,2520.0,9832.0,,,14278.0
QC_Day_2019089_aid0001,aid0001,2019-03-30,25367.0,,,,,,,,,,,,,,,13279.0
QC_Day_2019097_aid0001,aid0001,2019-04-07,17989.0,,,,,,,,,,,1837.0,5737.0,,,13083.0
QC_Day_2019105_aid0001,aid0001,2019-04-15,3370.0,,,,,,,,,,,12520.0,11553.0,,,11203.0
QC_Day_2019113_aid0001,aid0001,2019-04-23,2901.0,,,,,,,,,,,3324.0,9336.0,,,23085.0
QC_Day_2019121_aid0001,aid0001,2019-05-01,2745.0,,,,,,,,,,,4829.0,7516.0,,,23556.0
QC_Day_2019129_aid0001,aid0001,2019-05-09,2713.0,,,,,,,,,,,11033.0,9168.0,,,15732.0
QC_Day_2019137_aid0001,aid0001,2019-05-17,22873.0,,,,,,,,,,,567.0,2166.0,,,13040.0
QC_Day_2019145_aid0001,aid0001,2019-05-25,6560.0,,,,,,,,,,,7923.0,11383.0,,,12780.0
QC_Day_2019153_aid0001,aid0001,2019-06-02,745.0,,2.0,,,2.0,40.0,,,,,15563.0,6075.0,,,16219.0
QC_Day_2019161_aid0001,aid0001,2019-06-10,527.0,,,,,1666.0,306.0,,,103.0,29.0,22751.0,10217.0,,,3047.0
QC_Day_2019169_aid0001,aid0001,2019-06-18,278.0,,,,,2.0,14.0,,,,,23855.0,8904.0,,,5593.0
QC_Day_2019177_aid0001,aid0001,2019-06-26,,,,,,5.0,3.0,,,,,34102.0,4174.0,,,362.0
QC_Day_2019185_aid0001,aid0001,2019-07-04,3.0,,,,,123.0,91.0,,,,,27781.0,8015.0,,,2633.0
QC_Day_2019193_aid0001,aid0001,2019-07-12,,,,,,7.0,,,,,,35358.0,2468.0,,,813.0
QC_Day_2019201_aid0001,aid0001,2019-07-20,144.0,1.0,,,,6044.0,1465.0,,,,,24054.0,6361.0,,,577.0
QC_Day_2019209_aid0001,aid0001,2019-07-28,15.0,,,8.0,5.0,42.0,41.0,,,1268.0,900.0,20639.0,9867.0,152.0,159.0,5550.0
QC_Day_2019217_aid0001,aid0001,2019-08-05,,,,,,118.0,,,,,,34353.0,3574.0,,,601.0
QC_Day_2019225_aid0001,aid0001,2019-08-13,,,,,,,,,,,,37691.0,508.0,,,447.0
QC_Day_2019233_aid0001,aid0001,2019-08-21,1.0,,,,,,4.0,,,,,34631.0,430.0,,,3580.0
QC_Day_2019241_aid0001,aid0001,2019-08-29,,,,,,82.0,42.0,,,,,33863.0,4137.0,,,522.0
QC_Day_2019249_aid0001,aid0001,2019-09-06,,,,,,,,,,,,24911.0,4644.0,,,9091.0
QC_Day_2019257_aid0001,aid0001,2019-09-14,,,,,,,,,,,,34158.0,1579.0,,,2909.0
QC_Day_2019265_aid0001,aid0001,2019-09-22,,,,,,1.0,1.0,,,,,37086.0,698.0,,,860.0
QC_Day_2019273_aid0001,aid0001,2019-09-30,88.0,,,,,,,,,,,4044.0,1258.0,,,33256.0
QC_Day_2019281_aid0001,aid0001,2019-10-08,292.0,,,,,,,,,,,,104.0,,,38250.0
QC_Day_2019289_aid0001,aid0001,2019-10-16,3271.0,,,,,,,,,,,1475.0,699.0,,,33201.0
QC_Day_2019297_aid0001,aid0001,2019-10-24,1445.0,,,,,,,,,,,8830.0,4514.0,,,23857.0
QC_Day_2019305_aid0001,aid0001,2019-11-01,1360.0,,,,,,,,,,,2364.0,3577.0,,,31345.0
QC_Day_2019313_aid0001,aid0001,2019-11-09,1282.0,,,,,,,,,,,2252.0,2375.0,,,32737.0
QC_Day_2019321_aid0001,aid0001,2019-11-17,13041.0,,,,,,,,,,,752.0,1739.0,,,23114.0
QC_Day_2019329_aid0001,aid0001,2019-11-25,6780.0,,,,,,,,,,,47.0,7.0,,,31812.0
QC_Day_2019337_aid0001,aid0001,2019-12-03,5580.0,,,,,,,,,,,3934.0,13281.0,,,15851.0
QC_Day_2019345_aid0001,aid0001,2019-12-11,14708.0,,,,,,,,,,,,,,,23938.0
QC_Day_2019353_aid0001,aid0001,2019-12-19,15457.0,,,,,,,,,,,151.0,,,,23038.0
QC_Day_2019361_aid0001,aid0001,2019-12-27,24234.0,,,,,,,,,,,,935.0,,,13477.0
QC_Day_2020001_aid0001,aid0001,2020-01-01,9684.0,,,,,,,,,,,2183.0,11812.0,,,14967.0
